Sample Name on LC/MS,Location,Date,Time,Collecter,Type,Project,Comment,Container Mass (g),Total mass (g),Sample Mass (g),TOC/IC sample collected?,PFAS Collected?,TOC/TN analyzed,IC analyzed,UV254 analyzed,PFAS Analyzed?,Isotope #,Delta 2H,Delta 18O,Delta 17O,Ran on Auto SPE,11Cl-PF3OUdS Results,3-3 FTCA Results,4:2FTS Results,5-3 FTCA Results,6:2FTS Results,7-3 FTCA Results,8:2FTS Results,9Cl-PF3ONS Results,ADONA Results,HFPO-DA Results,NEtFOSA Results,NEtFOSAA Results,NEtFOSE Results,NFDHA Results,NMeFOSA Results,NMeFOSAA Results,NMeFOSE Results,PFBA Results,PFBS Results,PFDA Results,PFDoA Results,PFDoS Results,PFDS Results,PFEESA Results,PFHpA Results,PFHpS Results,PFHxA Results,PFHxS Results,PFMBA Results,PFMPA Results,PFNA Results,PFNS Results,PFOA Results,PFOS Results,PFOSA Results,PFPeA Results,PFPeS Results,PFTeDA Results,PFTrDA Results,PFUnA Results
,Wet Center ,6/24/2025,11:32:00 AM,RV,Stream,Baseflow,,,,,,Yes,,,,,1913,,,,,,,,,,,,,,,,,,,,,,,,,,,,,,,,,,,,,,,,,,,,
,Wet Center UP,6/24/2025,11:39:00 AM,RV,Stream,Baseflow,,,,,,Yes,,,,,1914,,,,,,,,,,,,,,,,,,,,,,,,,,,,,,,,,,,,,,,,,,,,
,Wet Center ,7/7/2025,12:00:00 PM,"RV,XG",Stream,Baseflow,Storm #11 occured between baseflow samples on 6/24 and those on 7/7,,,,,Yes,,,,,1964,,,,,,,,,,,,,,,,,,,,,,,,,,,,,,,,,,,,,,,,,,,,
,Wet Center UP,7/7/2025,12:00:00 PM,"RV,XG",Stream,Baseflow,,,,,,Yes,,,,,1965,,,,,,,,,,,,,,,,,,,,,,,,,,,,,,,,,,,,,,,,,,,,
,Wet Center ,7/9/2025,4:20:00 PM,RV,Stream,Stream_Storm,"Storm 12. Sample #1: 0.16"" of rain on 7/9 and 0.28"" on 7/10",41.3,540.4,499.1,,Yes,,,,,1973,,,,,,,,,,,,,,,,,,,,,,,,,,,,,,,,,,,,,,,,,,,,
,Wet Center ,7/9/2025,10:20:00 PM,RV,Stream,Stream_Storm,Storm 12. Sample #3,,535.5,,"Yes, subsampled 100 Ml from PFAS sample",Yes,,,,,1975,,,,,,,,,,,,,,,,,,,,,,,,,,,,,,,,,,,,,,,,,,,,
SE12_5,Wet Center ,7/10/2025,4:20:00 AM,RV,Stream,Stream_Storm,Storm 12. Sample #5,,528.4,,,Yes,,,,Yes,1977,,,,9/29/2025,,,,,,,,,,,,,,,,,,,,,,,,,,,,,,,,,,,,,,,,
SE12_7,Wet Center ,7/10/2025,10:20:00 AM,RV,Stream,Stream_Storm,Storm 12. Sample #7,,515.5,,,Yes,,,,Yes,1979,,,,9/29/2025,,,,,,,,,,,,,,,,,,,,,,,,,,,,,,,,,,,,,,,,
SE12_9,Wet Center ,7/10/2025,4:20:00 PM,RV,Stream,Stream_Storm,Storm 12. Sample #9,,521.1,,,Yes,,,,Yes,1981,,,,9/29/2025,,,,,,,,,,,,,,,,,,,,,,,,,,,,,,,,,,,,,,,,
,Wet Center ,7/10/2025,10:20:00 PM,RV,Stream,Stream_Storm,Storm 12. Sample #11,,,,"Yes, subsampled 100 Ml from PFAS sample",Yes,,,,,1983,,,,,,,,,,,,,,,,,,,,,,,,,,,,,,,,,,,,,,,,,,,,
,Wet Center ,7/11/2025,4:20:00 AM,RV,Stream,Stream_Storm,Storm 12. Sample #13,,,,"Yes, subsampled 100 Ml from PFAS sample",Yes,,,,,1985,,,,,,,,,,,,,,,,,,,,,,,,,,,,,,,,,,,,,,,,,,,,
,Wet Center ,7/11/2025,10:20:00 AM,RV,Stream,Stream_Storm,Storm 12. Sample #15,,,,"Yes, subsampled 100 Ml from PFAS sample",Yes,,,,,1987,,,,,,,,,,,,,,,,,,,,,,,,,,,,,,,,,,,,,,,,,,,,
,Wet Center ,7/11/2025,4:20:00 PM,RV,Stream,Stream_Storm,Storm 12. Sample #17,,,,"Yes, subsampled 100 Ml from PFAS sample",Yes,,,,,1989,,,,,,,,,,,,,,,,,,,,,,,,,,,,,,,,,,,,,,,,,,,,
,Wet Center ,7/11/2025,10:20:00 PM,RV,Stream,Stream_Storm,Storm 12. Sample #19,,,,"Yes, subsampled 100 Ml from PFAS sample",Yes,,,,,1991,,,,,,,,,,,,,,,,,,,,,,,,,,,,,,,,,,,,,,,,,,,,
,Wet Center ,7/12/2025,4:20:00 AM,RV,Stream,Stream_Storm,Storm 12. Sample #21,,,,"Yes, subsampled 100 Ml from PFAS sample",Yes,,,,,1993,,,,,,,,,,,,,,,,,,,,,,,,,,,,,,,,,,,,,,,,,,,,
,Wet Center ,7/12/2025,10:20:00 AM,RV,Stream,Stream_Storm,Storm 12. Sample #23,,,,"Yes, subsampled 100 Ml from PFAS sample",Yes,,,,,1995,,,,,,,,,,,,,,,,,,,,,,,,,,,,,,,,,,,,,,,,,,,,
SE13_P1,Wet Center,7/14/2025,11:59:00 PM,RV,Precipitation,Stream_Storm,"Storm #13. First half of storm. Rain sample collected from 2:31pm-5:23PM. I put the time as 4:00PM because that's the middle point.  We collected exactly 500mL of rain in those 3 hours in the euro collector, which equals 1.38 inches of rain. This was a rapid, flash flood storm, and in this short amount of time, the WET stream gage went up about 1.5 feet.",41.58,506.3,464.72,,Yes,,,,Yes,1971,-35.05,-5.64,-2.91,11/8/2025,,,,,,,,,,,,,,,,,,,,,,,,,,,,,,,,,,,,,,,,
SE13_1,Wet Center,7/14/2025,5:00:00 PM,RV,Stream,Stream_Storm,Storm #13. Sample 1 Intense rainfall and flash flood warning,42,536.2,494.2,,Yes,,,,Yes,2165,,,,11/8/2025,,,,,,,,,,,,,,,,,,,,,,,,,,,,,,,,,,,,,,,,
SE13_3,Wet Center,7/14/2025,9:00:00 PM,RV,Stream,Stream_Storm,Storm #13. Sample 3,41.3,541.3,500,,Yes,,,,Yes,2167,,,,10/7/2025,,,,,,,,,,,,,,,,,,,,,,,,,,,,,,,,,,,,,,,,
SE13_5,Wet Center,7/15/2025,1:00:00 AM,RV,Stream,Stream_Storm,Storm #13. Sample 5,41.3,547.3,506,,Yes,,,,Yes,2169,,,,10/7/2025,,,,,,,,,,,,,,,,,,,,,,,,,,,,,,,,,,,,,,,,
SE13_7,Wet Center,7/15/2025,5:00:00 AM,RV,Stream,Stream_Storm,Storm #13. Sample 7,42.4,542.6,500.2,,Yes,,,,Yes,2171,,,,10/7/2025,,,,,,,,,,,,,,,,,,,,,,,,,,,,,,,,,,,,,,,,
SE13_9,Wet Center,7/15/2025,9:00:00 AM,RV,Stream,Stream_Storm,Storm #13. Sample 9,42.3,548.8,506.5,"Yes, subsampled 100 Ml from PFAS sample",Yes,,,,,2173,,,,,,,,,,,,,,,,,,,,,,,,,,,,,,,,,,,,,,,,,,,,
SE13_11,Wet Center,7/15/2025,1:00:00 PM,RV,Stream,Stream_Storm,Storm #13. Sample 11,41.5,546.6,505.1,"Yes, subsampled 100 Ml from PFAS sample",Yes,,,,,2175,,,,,,,,,,,,,,,,,,,,,,,,,,,,,,,,,,,,,,,,,,,,
SE13_13,Wet Center,7/15/2025,5:00:00 PM,RV,Stream,Stream_Storm,Storm #13. Sample 13,42.3,539.2,496.9,"Yes, subsampled 100 Ml from PFAS sample",Yes,,,,,2177,,,,,,,,,,,,,,,,,,,,,,,,,,,,,,,,,,,,,,,,,,,,
SE13_15,Wet Center,7/15/2025,9:00:00 PM,RV,Stream,Stream_Storm,Storm #13. Sample 15,41.6,541.9,500.3,"Yes, subsampled 100 Ml from PFAS sample",Yes,,,,,2179,,,,,,,,,,,,,,,,,,,,,,,,,,,,,,,,,,,,,,,,,,,,
SE13_17,Wet Center,7/16/2025,1:00:00 AM,RV,Stream,Stream_Storm,Storm #13. Sample 17,41.5,539.4,497.9,"Yes, subsampled 100 Ml from PFAS sample",Yes,,,,,2181,,,,,,,,,,,,,,,,,,,,,,,,,,,,,,,,,,,,,,,,,,,,
SE13_19,Wet Center,7/16/2025,5:00:00 AM,RV,Stream,Stream_Storm,Storm #13. Sample 19,41.5,542.7,501.2,,Yes,,,,Yes,2183,,,,11/8/2025,,,,,,,,,,,,,,,,,,,,,,,,,,,,,,,,,,,,,,,,
SE13_21,Wet Center,7/16/2025,9:00:00 AM,RV,Stream,Stream_Storm,Storm #13. Sample 21,41.5,534.8,493.3,"Yes, subsampled 100 Ml from PFAS sample",Yes,,,,,2185,,,,,,,,,,,,,,,,,,,,,,,,,,,,,,,,,,,,,,,,,,,,
SE13_23,Wet Center,7/16/2025,1:00:00 PM,RV,Stream,Stream_Storm,Storm #13. Sample 23,42,541.6,499.6,"Yes, subsampled 100 Ml from PFAS sample",Yes,,,,,2187,,,,,,,,,,,,,,,,,,,,,,,,,,,,,,,,,,,,,,,,,,,,
,Wet Center,7/23/2025,2:36 PM,RV,Stream,Baseflow,,,,,,Yes,,,,,,,,,,,,,,,,,,,,,,,,,,,,,,,,,,,,,,,,,,,,,,,,,
,Wet Center UP,7/23/2025,2:42 PM,RV,Stream,Baseflow,,,,,,Yes,,,,,,,,,,,,,,,,,,,,,,,,,,,,,,,,,,,,,,,,,,,,,,,,,
,Wet Center,7/28/2025,2:09 PM,RV,Stream,Baseflow,,,,,,Yes,,,,,,,,,,,,,,,,,,,,,,,,,,,,,,,,,,,,,,,,,,,,,,,,,
,Wet Center UP,7/28/2025,2:45 PM,RV,Stream,Baseflow,,,,,,Yes,,,,,,,,,,,,,,,,,,,,,,,,,,,,,,,,,,,,,,,,,,,,,,,,,
,Wet Center UP,8/7/2025,10:58:00 AM,"RV,XG",Stream,Baseflow,,,,,,Yes,,,,,2039,,,,,,,,,,,,,,,,,,,,,,,,,,,,,,,,,,,,,,,,,,,,
,Wet Center ,8/7/2025,11:07:00 AM,"RV,XG",Stream,Baseflow,,,,,,Yes,,,,,2040,,,,,,,,,,,,,,,,,,,,,,,,,,,,,,,,,,,,,,,,,,,,
,Wet Center UP,8/13/2025,12:02 PM,"RV,XG",Stream,Baseflow,,,,,,Yes,,,,,,,,,,,,,,,,,,,,,,,,,,,,,,,,,,,,,,,,,,,,,,,,,
,Wet Center ,8/13/2025,11:52 AM,"RV,XG",Stream,Baseflow,,,,,,Yes,,,,,,,,,,,,,,,,,,,,,,,,,,,,,,,,,,,,,,,,,,,,,,,,,
,Wet Center UP,8/18/2025,12:30 PM,"XG,EW,TN",Stream,Baseflow,Collected by XG while RV was on personal trip.,,,,,Yes,,,,,,,,,,,,,,,,,,,,,,,,,,,,,,,,,,,,,,,,,,,,,,,,,
,Wet Center ,8/18/2025,12:46 PM,"XG, EW, TN",Stream,Baseflow,Collected by XG while RV was on personal trip.,,,,,Yes,,,,,2084,,,,,,,,,,,,,,,,,,,,,,,,,,,,,,,,,,,,,,,,,,,,
Data Lost. Method Creation error,Wet Center,8/25/2025,2:44 PM,XG,Stream,Baseflow,Collected by XG while RV was on personal trip.Ran by Shane,,,,,Yes,,,,,2110,,,,8/25/2025,,,,,,,,,,,,,,,,,,,,,,,,,,,,,,,,,,,,,,,,
Lost. Method Creation error,Wet Center UP,8/25/2025,2:34 PM,XG,Stream,Baseflow,Collected by XG while RV was on personal trip.Ran by Shane,,,,,Yes,,,,,2109,,,,8/25/2025,,,,,,,,,,,,,,,,,,,,,,,,,,,,,,,,,,,,,,,,
Lost. Method Creation error,Wet Center UP,8/25/2025,2:34 PM,XG,Stream,Baseflow,Collected by XG while RV was on personal trip.Ran by Shane,,,,,Yes,,,,,2109,,,,8/25/2025,,,,,,,,,,,,,,,,,,,,,,,,,,,,,,,,,,,,,,,,
,Wet Center,9/9/2025,2:04 PM,RV,Stream,Baseflow,,,,,,Yes,,,,,,,,,,,,,,,,,,,,,,,,,,,,,,,,,,,,,,,,,,,,,,,,,
,Wet Center UP,9/9/2025,2:00 PM,RV,Stream,Baseflow,,,,,,Yes,,,,,,,,,,,,,,,,,,,,,,,,,,,,,,,,,,,,,,,,,,,,,,,,,
BF_WET_1,Wet Center,9/12/2025,10:35 AM,RV,Stream,Baseflow,Collected during Agilent Interview,,513.7,,,Yes,,,,Yes,,,,,9/17/2025,,,,,,,,,,,,,,,,,,,,,,,,,,,,,,,,,,,,,,,,
BF_WET_UP,Wet Center UP,9/12/2025,10:59 AM,RV,Stream,Baseflow,Collected after Agilent Interview,,506.3,,,Yes,,,,Yes,,,,,9/17/2025,,,,,,,,,,,,,,,,,,,,,,,,,,,,,,,,,,,,,,,,
SE14_1P,Wet Center,9/25/2025,11:59:00 PM,RV,Precipitation,Stream_Storm,Storm #14 Precipitation sample.,,529.9,,,Yes,,,,Yes,2126,,,,9/29/2025,,,,,,,,,,,,,,,,,,,,,,,,,,,,,,,,,,,,,,,,
,Wet Center,9/26/2025,5:49 PM,RV,Stream,Baseflow,Samples collected post-Storm 14.,,,,,Yes,,,,,2151,,,,,,,,,,,,,,,,,,,,,,,,,,,,,,,,,,,,,,,,,,,,
,Wet Center UP,9/26/2025,5:58 AM,RV,Stream,Baseflow,Samples collected post-Storm 14.,,,,,Yes,,,,,2152,,,,,,,,,,,,,,,,,,,,,,,,,,,,,,,,,,,,,,,,,,,,
,Wet Center,10/8/2025,11:06:00 AM,"RV, KW",Stream,Baseflow,Took sample after it rained ~0.5in from 5am-10am,41.4,543.1,501.7,Yes,Yes,Yes but with too small of a filter - only TN,no more sample,no more sample,,2189,,,,,,,,,,,,,,,,,,,,,,,,,,,,,,,,,,,,,,,,,,,,
,Wet Center UP,10/8/2025,11:14:00 AM,"RV, KW",Stream,Baseflow,Took sample after it rained ~0.5in from 5am-10am. Murky water being released from undocumented pipe discharging into stream,41.66,549.9,508.24,Yes,Yes,Yes but with too small of a filter - only TN,no more sample,no more sample,,2190,,,,,,,,,,,,,,,,,,,,,,,,,,,,,,,,,,,,,,,,,,,,
BF_1010,Wet Center,10/10/2025,8:39 AM,"RV, KW, NA",Stream,Baseflow,"Rained two days prior, really cold outside (~33 deg F)",41.5,552.4,510.9,Yes,Yes,Yes but with too small of a filter - only TN,no more sample,no more sample,Yes,,,,,11/14/2025,,,,,,,,,,,,,,,,,,,,,,,,,,,,,,,,,,,,,,,,
BF_UP_1010,Wet Center UP,10/10/2025,8:48 AM,"RV, KW, NA",Stream,Baseflow,"Rained two days prior, really cold outside (~33 deg F)",42.1,545.4,503.3,Yes,Yes,Yes but with too small of a filter - only TN,no more sample,no more sample,Yes,,,,,11/14/2025,,,,,,,,,,,,,,,,,,,,,,,,,,,,,,,,,,,,,,,,
S1_1,Wet Center,10/11/2025,8:53 AM,"RV, XG",Stream,Spatial,1,41.5,559.1,517.6,,Yes,,,,Yes,2194,,,,11/14/2025,,,,,,,,,,,,,,,,,,,,,,,,,,,,,,,,,,,,,,,,
S1_2,MR Rec Area (picnic tables),10/11/2025,9:55 AM,"RV, XG",Stream,Spatial,2,41.2,560.7,519.5,,Yes,,,,Yes,2198,,,,11/16/2025,,,,,,,,,,,,,,,,,,,,,,,,,,,,,,,,,,,,,,,,
S1_3,Puffers Waterfall,10/11/2025,10:38 AM,"RV, XG",Stream,Spatial,3,41.8,560,518.2,,Yes,,,,Yes,2202,,,,11/16/2025,,,,,,,,,,,,,,,,,,,,,,,,,,,,,,,,,,,,,,,,
S1_4,Puffers Beach,10/11/2025,10:46 AM,"RV, XG",Stream,Spatial,4,41.8,540.1,498.3,,Yes,,,,Yes,2203,,,,11/16/2025,,,,,,,,,,,,,,,,,,,,,,,,,,,,,,,,,,,,,,,,
S1_5,Upper puffers - Railroad,10/11/2025,10:59 AM,"RV, XG",Stream,Spatial,5,41.1,551.3,510.2,,Yes,,,,Yes,2205,,,,11/16/2025,,,,,,,,,,,,,,,,,,,,,,,,,,,,,,,,,,,,,,,,
S1_6,Haskin Meadows (fishing spot),10/11/2025,11:57 AM,"RV, XG",Stream,Spatial,6,41.3,561.1,519.8,,Yes,,,,Yes,2206,,,,11/16/2025,,,,,,,,,,,,,,,,,,,,,,,,,,,,,,,,,,,,,,,,
S1_7,Atkins Reservoir,10/11/2025,12:19 PM,"RV, XG",Stream,Spatial,7,41.5,558.2,516.7,,Yes,,,,Yes,2208,,,,11/24/2025,,,,,,,,,,,,,,,,,,,,,,,,,,,,,,,,,,,,,,,,
S1_8,Roaring,10/11/2025,12:18 PM,"RV, XG",Stream,Spatial,8,41.7,560.3,518.6,,Yes,,,,Yes,2209,,,,11/24/2025,,,,,,,,,,,,,,,,,,,,,,,,,,,,,,,,,,,,,,,,
S1_9,Broad Hil,10/11/2025,12:36 PM,"RV, XG",Stream,Spatial,9,41.8,554.3,512.5,,Yes,,,,Yes,2210,,,,11/24/2025,,,,,,,,,,,,,,,,,,,,,,,,,,,,,,,,,,,,,,,,
S1_10,Shutesbury Cemetary,10/11/2025,12:48 PM,"RV, XG",Stream,Spatial,10,42,559.4,517.4,,Yes,,,,Yes,2211,,,,11/24/2025,,,,,,,,,,,,,,,,,,,,,,,,,,,,,,,,,,,,,,,,
S1_11,Doolittle,10/11/2025,1:10 PM,"RV, XG",Stream,Spatial,11,41.4,550.4,509,,Yes,,,,Yes,2212,,,,11/24/2025,,,,,,,,,,,,,,,,,,,,,,,,,,,,,,,,,,,,,,,,
S1_12,Leverett Library,10/11/2025,1:22 PM,"RV, XG",Stream,Spatial,12,41.1,559.6,518.5,,Yes,,,,Yes,2213,,,,11/24/2025,,,,,,,,,,,,,,,,,,,,,,,,,,,,,,,,,,,,,,,,
S1_13,Leverett Pond,10/11/2025,1:44 PM,"RV, XG",Stream,Spatial,13,41.7,558.2,516.5,,Yes,,,,Yes,2214,,,,11/24/2025,,,,,,,,,,,,,,,,,,,,,,,,,,,,,,,,,,,,,,,,
S1_14,Eastman Up,10/11/2025,1:55 PM,"RV, XG",Stream,Spatial,14,41.3,560.6,519.3,,Yes,,,,Yes,2215,,,,11/24/2025,,,,,,,,,,,,,,,,,,,,,,,,,,,,,,,,,,,,,,,,
S1_15,LW Boat Ramp,10/11/2025,2:27 PM,"RV, XG",Stream,Spatial,15,41.5,563.7,522.2,,Yes,,,,Yes,2219,,,,11/24/2025,,,,,,,,,,,,,,,,,,,,,,,,,,,,,,,,,,,,,,,,
S1_16,Prindle School,10/11/2025,2:51 PM,"RV, XG",Stream,Spatial,16,41.7,550.1,508.4,,Yes,,,,Yes,2221,,,,11/16/2025,,,,,,,,,,,,,,,,,,,,,,,,,,,,,,,,,,,,,,,,
S1_17,Horse Farm Down,10/11/2025,3:07 PM,"RV, XG",Stream,Spatial,17,42,540.7,498.7,,Yes,,,,Yes,2222,,,,11/24/2025,,,,,,,,,,,,,,,,,,,,,,,,,,,,,,,,,,,,,,,,
S1_18,Fieldstone,10/11/2025,3:29 PM,"RV, XG",Stream,Spatial,18,42,536.9,494.9,,Yes,,,,Yes,2225,,,,11/24/2025,,,,,,,,,,,,,,,,,,,,,,,,,,,,,,,,,,,,,,,,
S1_19,Wildwood Cemetary,10/11/2025,3:39 PM,"RV, XG",Stream,Spatial,19,41.6,,-41.6,,Yes,,,,Yes,2226,,,,,,,,,,,,,,,,,,,,,,,,,,,,,,,,,,,,,,,,,,,,
S1_20,Campus Pond Down,10/11/2025,3:51 PM,"RV, XG",Stream,Spatial,20,41.4,,-41.4,,Yes,,,,Yes,2228,,,,,,,,,,,,,,,,,,,,,,,,,,,,,,,,,,,,,,,,,,,,
SE15_P1,Wet Center,10/12/2025,11:59 PM,RV,Precipitation,Stream_Storm,"Storm 15 Precip. Received ~0.7"". 0.28"" on 10/12 and 0.42"" on 10/13.",41.58,542.7,501.12,,Yes,Yes - all 1-24,Yes evens (so NOT the ones that are PFAs),Yes evens (so NOT the ones that are PFAs),Yes,2291,,,,,,,,,,,,,,,,,,,,,,,,,,,,,,,,,,,,,,,,,,,,
SE15_1,Wet Center,10/12/2025,12:15 PM,RV,Stream,Stream_Storm,Storm 15. Sample #1,41.3,550.5,509.2,,Yes,Yes,Yes evens (so NOT the ones that are PFAs),Yes evens (so NOT the ones that are PFAs),Yes,2229,-50.22,-8.01,-3.86,,,,,,,,,,,,,,,,,,,,,,,,,,,,,,,,,,,,,,,,,
SE15_3,Wet Center,10/12/2025,6:15 PM,RV,Stream,Stream_Storm,Storm 15. Sample #3,41.1,529.2,488.1,,Yes,Yes,Yes evens (so NOT the ones that are PFAs),Yes evens (so NOT the ones that are PFAs),Yes,2231,-48.89,-7.79,-3.75,,,,,,,,,,,,,,,,,,,,,,,,,,,,,,,,,,,,,,,,,
SE15_5,Wet Center,10/13/2025,12:15 AM,RV,Stream,Stream_Storm,Storm 15. Sample #5,41.3,545.1,503.8,,Yes,Yes,Yes evens (so NOT the ones that are PFAs),Yes evens (so NOT the ones that are PFAs),Yes,2233,-45.11,-7.37,-3.41,,,,,,,,,,,,,,,,,,,,,,,,,,,,,,,,,,,,,,,,,
SE15_7,Wet Center,10/13/2025,6:15 AM,RV,Stream,Stream_Storm,Storm 15. Sample #7,41.9,527.9,486,,Yes,Yes,Yes evens (so NOT the ones that are PFAs),Yes evens (so NOT the ones that are PFAs),Yes,2235,-50.15,-7.8,-3.78,,,,,,,,,,,,,,,,,,,,,,,,,,,,,,,,,,,,,,,,,
SE15_9,Wet Center,10/13/2025,12:15 PM,RV,Stream,Stream_Storm,Storm 15. Sample #9,42,528.5,486.5,,Yes,Yes,Yes evens (so NOT the ones that are PFAs),Yes evens (so NOT the ones that are PFAs),Yes,2237,-49.65,-7.82,-3.77,,,,,,,,,,,,,,,,,,,,,,,,,,,,,,,,,,,,,,,,,
SE15_11,Wet Center,10/13/2025,6:15 PM,RV,Stream,Stream_Storm,Storm 15. Sample #11,41.4,547.3,505.9,,Yes,Yes,Yes evens (so NOT the ones that are PFAs),Yes evens (so NOT the ones that are PFAs),Yes,2239,-50.22,-7.96,-3.85,,,,,,,,,,,,,,,,,,,,,,,,,,,,,,,,,,,,,,,,,
SE15_13,Wet Center,10/14/2025,12:15 AM,RV,Stream,Stream_Storm,Storm 15. Sample #13,41.5,535,493.5,,Yes,Yes,Yes evens (so NOT the ones that are PFAs),Yes evens (so NOT the ones that are PFAs),Yes,2241,-49.61,-7.86,-3.85,,,,,,,,,,,,,,,,,,,,,,,,,,,,,,,,,,,,,,,,,
SE15_15,Wet Center,10/14/2025,6:15 AM,RV,Stream,Stream_Storm,Storm 15. Sample #15,41.1,542.1,501,,Yes,Yes,Yes evens (so NOT the ones that are PFAs),Yes evens (so NOT the ones that are PFAs),Yes,2243,-50.12,-7.93,-3.85,,,,,,,,,,,,,,,,,,,,,,,,,,,,,,,,,,,,,,,,,
SE15_17,Wet Center,10/14/2025,12:15 PM,RV,Stream,Stream_Storm,Storm 15. Sample #17,42,543.5,501.5,,Yes,Yes,Yes evens (so NOT the ones that are PFAs),Yes evens (so NOT the ones that are PFAs),Yes,2245,-48.01,-7.79,-3.73,,,,,,,,,,,,,,,,,,,,,,,,,,,,,,,,,,,,,,,,,
SE15_19,Wet Center,10/14/2025,6:15 PM,RV,Stream,Stream_Storm,Storm 15. Sample #19,42.1,543.4,501.3,,Yes,Yes,Yes evens (so NOT the ones that are PFAs),Yes evens (so NOT the ones that are PFAs),Yes,2247,-50.29,-8.08,-3.89,,,,,,,,,,,,,,,,,,,,,,,,,,,,,,,,,,,,,,,,,
SE15_21,Wet Center,10/15/2025,12:15 AM,RV,Stream,Stream_Storm,Storm 15. Sample #21,41.2,554,512.8,,Yes,Yes,Yes evens (so NOT the ones that are PFAs),Yes evens (so NOT the ones that are PFAs),Yes,2249,-50.3,-8.11,-3.95,11/14/2025,,,,,,,,,,,,,,,,,,,,,,,,,,,,,,,,,,,,,,,,
SE15_23,Wet Center,10/15/2025,6:15 AM,RV,Stream,Stream_Storm,Storm 15. Sample #23,42.2,541.8,499.6,,Yes,Yes,Yes evens (so NOT the ones that are PFAs),Yes evens (so NOT the ones that are PFAs),Yes,2251,-50.02,-8.08,-3.73,11/14/2025,,,,,,,,,,,,,,,,,,,,,,,,,,,,,,,,,,,,,,,,
S2_1,MR Rec Area (picnic tables),10/15/2025,7:19 AM,RV,Stream,Spatial,1,41.3,563.8,522.5,,Yes,,,,Yes,2263,,,,11/24/2025,,,,,,,,,,,,,,,,,,,,,,,,,,,,,,,,,,,,,,,,
S2_2,Puffers Waterfall,10/15/2025,7:48 AM,RV,Stream,Spatial,2,41.4,,,,Yes,,,,,2267,,,,,,,,,,,,,,,,,,,,,,,,,,,,,,,,,,,,,,,,,,,,
S2_3,Puffers Beach,10/15/2025,7:55 AM,RV,Stream,Spatial,3,41.3,,,,Yes,,,,,2268,,,,,,,,,,,,,,,,,,,,,,,,,,,,,,,,,,,,,,,,,,,,
S2_4,Upper puffers - Railroad,10/15/2025,8:07 AM,RV,Stream,Spatial,4,42.1,,,,Yes,,,,,2270,,,,,,,,,,,,,,,,,,,,,,,,,,,,,,,,,,,,,,,,,,,,
S2_5,Haskin Meadows (fishing spot),10/15/2025,8:16 AM,RV,Stream,Spatial,5,41.9,,,,Yes,,,,,2271,,,,,,,,,,,,,,,,,,,,,,,,,,,,,,,,,,,,,,,,,,,,
S2_6,Atkins Reservoir,10/15/2025,8:34 AM,RV,Stream,Spatial,6,41.1,,,,Yes,,,,,2273,,,,,,,,,,,,,,,,,,,,,,,,,,,,,,,,,,,,,,,,,,,,
S2_7,Roaring,10/15/2025,8:43 AM,RV,Stream,Spatial,7,41.3,,,,Yes,,,,,2274,,,,,,,,,,,,,,,,,,,,,,,,,,,,,,,,,,,,,,,,,,,,
S2_8,Broad Hil,10/15/2025,8:50 AM,RV,Stream,Spatial,8,41.2,,,,Yes,,,,,2275,,,,,,,,,,,,,,,,,,,,,,,,,,,,,,,,,,,,,,,,,,,,
S2_9,Shutesbury Cemetary,10/15/2025,9:01 AM,RV,Stream,Spatial,9,41.7,,,,Yes,,,,,2276,,,,,,,,,,,,,,,,,,,,,,,,,,,,,,,,,,,,,,,,,,,,
S2_10,Doolittle,10/15/2025,9:22 AM,RV,Stream,Spatial,10,41.8,,,,Yes,,,,,2277,,,,,,,,,,,,,,,,,,,,,,,,,,,,,,,,,,,,,,,,,,,,
S2_11,Leverett Library,10/15/2025,9:33 AM,RV,Stream,Spatial,11,41.3,,,,Yes,,,,,2278,,,,,,,,,,,,,,,,,,,,,,,,,,,,,,,,,,,,,,,,,,,,
S2_12,Leverett Pond,10/15/2025,9:44 AM,RV,Stream,Spatial,12,41.6,,,,Yes,,,,,2279,,,,,,,,,,,,,,,,,,,,,,,,,,,,,,,,,,,,,,,,,,,,
S2_13,Eastman Up,10/15/2025,9:59 AM,RV,Stream,Spatial,13,41.5,,,,Yes,,,,,2280,,,,,,,,,,,,,,,,,,,,,,,,,,,,,,,,,,,,,,,,,,,,
S2_14,LW Boat Ramp,10/15/2025,1:50 PM,RV,Stream,Spatial,14,41.4,,,,Yes,,,,,2284,,,,,,,,,,,,,,,,,,,,,,,,,,,,,,,,,,,,,,,,,,,,
S2_15,Prindle School,10/15/2025,2:20 PM,RV,Stream,Spatial,15,41.4,,,,Yes,,,,,2285,,,,,,,,,,,,,,,,,,,,,,,,,,,,,,,,,,,,,,,,,,,,
S2_16,Horse Farm Up,10/15/2025,2:30 PM,RV,Stream,Spatial,16,41.2,,,,Yes,,,,,2286,,,,,,,,,,,,,,,,,,,,,,,,,,,,,,,,,,,,,,,,,,,,
S2_17,Fieldstone,10/15/2025,2:47 PM,RV,Stream,Spatial,17,41.8,,,,Yes,,,,,2289,,,,,,,,,,,,,,,,,,,,,,,,,,,,,,,,,,,,,,,,,,,,
,Wet Center,10/17/2025,9:22:00 AM,RV,Stream,Baseflow,,41.3,,,Yes,Yes,Yes - no TN,No (no more sample),No (no more sample),,2292,,,,,,,,,,,,,,,,,,,,,,,,,,,,,,,,,,,,,,,,,,,,
,Wet Center UP,10/17/2025,9:30:00 AM,RV,Stream,Baseflow,,41.4,,,Yes,Yes,Yes - no TN,No (no more sample),No (no more sample),,2293,,,,,,,,,,,,,,,,,,,,,,,,,,,,,,,,,,,,,,,,,,,,
,Roaring ,10/18/2025,10:57:00 AM,"RV, TN, CG, XG",Stream,13-Site,,N/A,,,Yes,NO,Yes,Yes,Yes,NO,2295,,,,,,,,,,,,,,,,,,,,,,,,,,,,,,,,,,,,,,,,,,,,
,Doolittle,10/18/2025,11:14:00 AM,"RV, TN, CG, XG",Stream,13-Site,,N/A,,,Yes,NO,Yes,Yes,Yes,NO,2296,,,,,,,,,,,,,,,,,,,,,,,,,,,,,,,,,,,,,,,,,,,,
,Eastman Up ,10/18/2025,11:35:00 AM,"RV, TN, CG, XG",Stream,13-Site,,N/A,,,Yes,NO,Yes,Yes,Yes,NO,2297,,,,,,,,,,,,,,,,,,,,,,,,,,,,,,,,,,,,,,,,,,,,
,Eastman Down,10/18/2025,1:18:00 PM,"RV, TN, CG, XG",Stream,13-Site,,N/A,,,Yes,NO,Yes,Yes,Yes,NO,2298,,,,,,,,,,,,,,,,,,,,,,,,,,,,,,,,,,,,,,,,,,,,
,Lake Warner Outlet,10/18/2025,2:01:00 PM,"RV, TN, CG, XG",Stream,13-Site,,N/A,,,Yes,NO,Yes,Yes,Yes,NO,2299,,,,,,,,,,,,,,,,,,,,,,,,,,,,,,,,,,,,,,,,,,,,
,Knightly,10/18/2025,1:39:00 PM,"RV, TN, CG, XG",Stream,13-Site,,N/A,,,Yes,NO,Yes,Yes,Yes,NO,2300,,,,,,,,,,,,,,,,,,,,,,,,,,,,,,,,,,,,,,,,,,,,
,Campus Pond Up ,10/18/2025,1:18:00 PM,"RV, TN, CG, XG",Stream,13-Site,,N/A,,,Yes,NO,Yes,Yes,Yes,NO,2301,,,,,,,,,,,,,,,,,,,,,,,,,,,,,,,,,,,,,,,,,,,,
,Horse Down,10/18/2025,11:58:00 PM,"RV, TN, CG, XG",Stream,13-Site,,N/A,,,Yes,NO,Yes,Yes,Yes,NO,2302,,,,,,,,,,,,,,,,,,,,,,,,,,,,,,,,,,,,,,,,,,,,
,Horse Up,10/18/2025,12:31:00 PM,"RV, TN, CG, XG",Stream,13-Site,,N/A,,,Yes,NO,Yes,Yes,Yes,NO,2303,,,,,,,,,,,,,,,,,,,,,,,,,,,,,,,,,,,,,,,,,,,,
,Tan Brook Down,10/18/2025,11:13:00 AM,"RV, TN, CG, XG",Stream,13-Site,,N/A,,,Yes,NO,Yes,Yes,Yes,NO,2304,,,,,,,,,,,,,,,,,,,,,,,,,,,,,,,,,,,,,,,,,,,,
,Campus Pond Down,10/18/2025,1:32:00 PM,"RV, TN, CG, XG",Stream,13-Site,,N/A,,,Yes,NO,Yes,Yes,Yes,NO,2305,,,,,,,,,,,,,,,,,,,,,,,,,,,,,,,,,,,,,,,,,,,,
,Tan Brook Up ,10/18/2025,12:51:00 PM,"RV, TN, CG, XG",Stream,13-Site,,N/A,,,Yes,NO,Yes,Yes,Yes,NO,2306,,,,,,,,,,,,,,,,,,,,,,,,,,,,,,,,,,,,,,,,,,,,
,Mill Site,10/18/2025,2:27:00 PM,"RV, TN, CG, XG",Stream,13-Site,,N/A,,,Yes,NO,Yes,Yes,Yes,NO,2307,,,,,,,,,,,,,,,,,,,,,,,,,,,,,,,,,,,,,,,,,,,,
,Wet Center,10/24/2025,10:07:00 AM,1,RV,Baseflow,,42.22,544.8,502.58,Yes,Yes,Yes,Yes,Yes,,2321,,,,,,,,,,,,,,,,,,,,,,,,,,,,,,,,,,,,,,,,,,,,
,Wet Center UP,10/24/2025,10:14:00 AM,1,RV,Baseflow,,41.51,546.9,505.39,Yes,Yes,Yes,Yes,Yes,,2322,,,,,,,,,,,,,,,,,,,,,,,,,,,,,,,,,,,,,,,,,,,,
SE16_P1_H,Wet Center,10/29/2025,11:12:00 AM,"XG, ZW",Precipitation,Stream Storm,Storm 16 bulk. Homemade precip collector,41.15,551.8,510.65,Yes,Yes,Yes,Yes,Yes,Yes,2323,,,,,,,,,,,,,,,,,,,,,,,,,,,,,,,,,,,,,,,,,,,,
SE16_P1_E,Wet Center,10/21/2025,11:12:00 AM,"XG, ZW",Precipitation,Stream Storm,Storm 16 bulk Precip. Euro precip collector. Collected a small storm on October 12 and wasn't replaced ,41.03,565.3,524.27,Yes,Yes,Yes,Yes,Yes,Yes,2324,,,,,,,,,,,,,,,,,,,,,,,,,,,,,,,,,,,,,,,,,,,,
SE16_1,Wet Center,10/30/2025,3:40:00 AM,"XG, ZW",Stream,Stream Storm,Storm 16: Sample 1,41.74,539.7,497.96,Yes,Yes,Yes,Yes,Yes,Yes,2325,,,,2/15/2026,0.01,0.13,0.09,0.71,0.81,0.66,0.02,0,0.01,0.05,0.19,0.1,0.23,0.07,0.11,0.31,0.22,2.97,1.37,0.08,0.05,0.01,0.01,0.01,2.20,0.05,4.20,0.83,0,0.02,0.58,0.01,3.87,1.71,0.47,3.83,0.15,0.03,0.02,0.03
SE16_2,Wet Center,10/30/2025,5:40:00 AM,"XG, ZW",Stream,Stream Storm,Storm 16: Sample 2,41.6,558.9,517.3,Yes,Yes,Yes,Yes,Yes,Yes,2326,,,,2/25/2026,0.05,0.25,0,0.62,0.58,0.46,0.02,0.02,0.02,0.07,0.23,0.22,0.94,0.07,0.22,0.41,0.61,0.61,1.46,0.06,0.04,0.03,0.02,0.01,2.26,0.13,4.21,0.92,0.01,0.01,0.49,0,3.51,1.63,0.24,3.80,0.19,0.04,0.03,0.03
SE16_3,Wet Center,10/30/2025,7:40:00 AM,"XG, ZW",Stream,Stream Storm,Storm 16: Sample 3,41.72,535.6,493.88,Yes,Yes,Yes,Yes,Yes,Yes,2327,,,,2/25/2026,0.02,0.07,0,0.62,0.59,0.55,0.05,0,0.02,0.13,0.24,0.23,0.62,0.06,0.22,0.43,0.54,0.52,1.38,0.1,0.06,0.02,0.02,0,2.16,0.1,4.10,0.89,0.01,0.01,0.47,0.01,3.39,1.62,0.2,3.55,0.12,0.04,0.05,0.03
SE16_4,Wet Center,10/30/2025,9:40:00 AM,"XG, ZW",Stream,Stream Storm,Storm 16: Sample 4,42.15,544.1,501.95,Yes,Yes,Yes,Yes,Yes,Yes,2328,,,,2/25/2026,0.01,0,0,0.51,0.93,0.12,0.02,0,0.01,0.11,0.3,0.18,0.59,0.06,0.27,0.36,0.48,0.52,1.35,0.05,0.03,0,0.02,0.01,2.08,0.05,4.11,0.78,0.01,0.01,0.5,0.05,3.61,1.67,0.21,3.59,0.06,0.03,0.01,0.03
SE16_5,Wet Center,10/30/2025,11:40:00 AM,"XG, ZW",Stream,Stream Storm,Storm 16: Sample 5,42.33,562.2,519.87,Yes,Yes,Yes,Yes,Yes,Yes,2329,,,,2/25/2026,0,0.08,0,0.44,1.11,0.25,0.03,0.01,0,0.07,0.26,0.19,0.54,0.07,0.32,0.42,0.51,0.58,1.6,0.06,0.02,0,0.01,0.01,2.00,0.08,4.45,0.87,0.01,0.02,0.54,0.01,3.49,1.94,0.18,3.89,0.1,0.02,0.02,0.02
SE16_6,Wet Center,10/30/2025,1:40:00 PM,"XG, ZW",Stream,Stream Storm,Storm 16: Sample 6,41.67,540.7,499.03,Yes,Yes,Yes,Yes,Yes,Yes,2330,,,,2/25/2026,0,0.14,0,0.54,1.35,0.31,0.03,0.01,0,0.06,0.18,0.22,0.38,0.08,0.2,0.39,0.31,0.6,1.56,0.07,0.01,0,0.02,0,1.99,0.05,4.19,0.74,0.01,0.01,0.44,0.07,3.59,2.05,0.17,3.7,0.13,0.02,0.02,0.03
SE16_7,Wet Center,10/30/2025,3:40:00 PM,"XG, ZW",Stream,Stream Storm,Storm 16: Sample 7,41.67,564.3,522.63,Yes,Yes,Yes,Yes,Yes,Yes,2331,,,,2/25/2026,0,0.02,0,0.58,0.09,0.06,0.01,0.01,0.01,0.07,0.16,0.09,0.25,0.09,0.2,0.29,0.24,0.44,1.33,0.05,0.01,0.01,0.03,0.01,1.36,0.04,3.08,0.69,0.01,0.01,0.35,0.01,2.61,1.58,0.4,2.25,0.09,0.01,0.01,0.03
SE16_8,Wet Center,10/30/2025,5:40:00 PM,"XG, ZW",Stream,Stream Storm,Storm 16: Sample 8,41.56,539.7,498.14,Yes,Yes,Yes,Yes,Yes,Yes,2332,,,,2/25/2026,0.01,0.1,0,0.53,0.22,0.17,0.02,0,0,0.06,0.19,0.26,0.39,0.09,0.2,0.42,0.3,0.2,0.99,0.08,0.03,0.01,0.05,0.01,1.64,0.07,2.49,0.7,0,0.02,0.58,0.05,3.09,1.59,0.53,2.3,0.11,0.02,0.02,0.07
SE16_9,Wet Center,10/30/2025,7:40:00 PM,"XG, ZW",Stream,Stream Storm,Storm 16: Sample 9,41.87,556.4,514.53,Yes,Yes,Yes,Yes,Yes,Yes,2333,,,,3/7/2026,0,0.32,0,0.48,0.27,0.29,0.01,0,0.02,0.17,0.22,0.21,0.36,0.04,0.23,0.49,0.32,0.39,0.49,0.25,0.08,0,0.12,0.01,1.56,0.13,3.55,0.9,0.03,0.01,0.73,0.02,2.92,2.25,0.37,3.13,0.1,0.02,0.03,0.07
SE16_10,Wet Center,10/30/2025,9:40:00 PM,"XG, ZW",Stream,Stream Storm,Storm 16: Sample 10,42.09,547,504.91,Yes,Yes,Yes,Yes,Yes,Yes,2334,,,,3/7/2026,0,0.18,0,0.33,0.31,0.38,0.04,0,0,0.12,0.2,0.14,0.32,0.04,0.22,0.3,0.26,2.22,1.39,0.3,0.13,0.03,0.09,0.01,1.17,0.13,2.94,0.68,0.01,0.01,0.67,0.02,2.47,1.87,0.75,2.92,0.13,0.07,0.07,0.13
SE16_11,Wet Center,10/30/2025,11:40:00 PM,"XG, ZW",Stream,Stream Storm,Storm 16: Sample 11,41.65,541.7,500.05,Yes,Yes,Yes,Yes,Yes,Yes,2335,,,,3/7/2026,0.01,0.15,0,0.26,0.51,0.19,0.16,0.01,0,0.04,0.13,0.27,0.27,0.03,0.14,0.33,0.19,1,1.59,0.29,0.07,0.02,0.03,0,1.67,0.08,3.63,0.78,0.01,0.05,1.07,0,3.78,2.18,0.34,4.29,0.15,0.04,0.04,0.08
SE16_12,Wet Center,10/31/2025,1:40:00 AM,"XG, ZW",Stream,Stream Storm,Storm 16: Sample 12,42.23,545.9,503.67,Yes,Yes,Yes,Yes,Yes,Yes,2336,,,,3/7/2026,0,0.26,0,0.34,0.08,0.41,0.03,0,0.01,0.19,0.18,0.3,0.29,0.06,0.18,0.41,0.27,0.18,1.52,0.33,0.06,0.01,0.03,0.02,1.24,0.14,2.96,0.94,0.02,0.01,0.75,0.04,3.07,2.58,0.55,3.74,0.27,0.04,0.03,0.15
SE16_13,Wet Center,10/31/2025,3:40:00 AM,"XG, ZW",Stream,Stream Storm,Storm 16: Sample 13,41.42,536.5,495.08,Yes,Yes,Yes,Yes,Yes,Yes,2337,,,,3/7/2026,0,0.05,0,0.38,0.19,0.17,0.1,0,0,0.1,0.28,0.23,0.46,0.07,0.32,0.33,0.37,3.31,1.45,0.24,0.03,0,0.02,0,1.55,0.04,3.04,0.63,0.01,0.02,0.88,0.02,3.09,2.41,0.3,3.52,0.07,0.03,0.02,0.08
SE16_14,Wet Center,10/31/2025,5:40:00 AM,"XG, ZW",Stream,Stream Storm,Storm 16: Sample 14,41.39,549.8,508.41,Yes,Yes,Yes,Yes,Yes,Yes,2338,,,,3/7/2026,0.01,0.11,0,0.23,0.17,0.28,0.09,0,0,0.06,0.16,0.18,0.31,0.05,0.19,0.26,0.23,2.19,0.79,0.28,0.07,0.02,0.03,0.03,1.01,0.1,2.74,0.54,0.01,0.01,0.76,0.02,2.39,1.52,0.35,2.51,0.15,0.05,0.05,0.12
SE16_15,Wet Center,10/31/2025,7:40:00 AM,"XG, ZW",Stream,Stream Storm,Storm 16: Sample 15,41.43,553,511.57,Yes,Yes,Yes,Yes,Yes,Yes,2339,,,,3/7/2026,0,0.09,0,0.29,0.11,0.25,0.01,0.01,0,0.09,0.22,0.2,0.36,0.08,0.23,0.34,0.28,2.66,1.33,0.21,0.06,0.01,0.06,0.02,1.26,0.01,2.39,0.67,0.01,0.01,0.68,0.03,2.71,2.02,0.49,2.37,0.11,0.05,0.03,0.08
SE16_16,Wet Center,10/31/2025,9:40:00 AM,"XG, ZW",Stream,Stream Storm,Storm 16: Sample 16,41.47,562.1,520.63,Yes,Yes,Yes,Yes,Yes,Yes,2340,,,,3/7/2026,0,0.04,0,0.18,0.15,0.28,0.03,0,0.01,0.07,0.25,0.2,0.35,0.07,0.25,0.32,0.31,2.86,1.14,0.22,0.04,0,0.07,0.01,1.23,0.03,2.06,0.63,0.01,0.01,0.74,0.01,2.80,1.9,0.86,2.94,0.07,0.01,0.05,0.07
SE16_17,Wet Center,10/31/2025,11:40:00 AM,"XG, ZW",Stream,Stream Storm,Storm 16: Sample 17,41.44,571.9,530.46,Yes,Yes,Yes,Yes,Yes,Yes,2341,,,,3/7/2026,0,0.03,0,4.06,0.2,0.37,0.02,0,0,0.08,0.25,0.27,0.45,0.05,0.28,0.48,0.42,2.67,1.1,0.12,0.03,0,0.03,0.02,1.12,0.15,2.01,0.73,0.01,0.01,0.68,0.03,2.82,2.02,0.65,2.37,0.09,0.05,0.05,0.08
SE16_18,Wet Center,10/31/2025,1:40:00 PM,"XG, ZW",Stream,Stream Storm,Storm 16: Sample 18,42.29,548.3,506.01,Yes,Yes,Yes,Yes,Yes,Yes,2342,,,,3/7/2026,0,0.22,0,0.26,0.07,0.46,0.04,0,0.01,0.09,0.03,0.17,0.05,0.03,0.03,0.34,0.08,2.35,0.91,0.15,0.03,0.01,0.01,0,0.98,0.07,2.03,0.64,0.01,0.01,0.52,0.01,2.73,1.85,0.86,2.03,0.07,0.01,0.02,0.02
SE16_19,Wet Center,10/31/2025,3:40:00 PM,"XG, ZW",Stream,Stream Storm,Storm 16: Sample 19,41.45,569.3,527.85,Yes,Yes,Yes,Yes,Yes,Yes,2343,,,,3/7/2026,0,0.13,0,0.17,0.13,0.54,0,0,0,0.11,0.2,0.12,0.33,0.08,0.24,0.41,0.29,0.83,1.03,0.1,0.02,0.05,0.05,0.01,1.1,0.02,2.08,0.65,0.01,0.01,0.53,0.04,2.94,1.69,0.9,2.13,0.06,0.02,0.01,0.04
SE16_20,Wet Center,10/31/2025,5:40:00 PM,"XG, ZW",Stream,Stream Storm,Storm 16: Sample 20,41.31,559.4,518.09,Yes,Yes,Yes,Yes,Yes,Yes,2344,,,,3/7/2026,0,0.07,0,0.56,0.09,0.47,0.02,0.01,0,0.11,0.17,0.15,0.27,0.04,0.18,0.31,0.25,0.94,1.06,0.1,0.03,0,0.03,0.01,1.11,0.01,1.98,0.61,0.01,0.01,0.64,0.03,2.86,1.62,0.78,2.1,0.1,0.02,0.04,0.05
SE16_21,Wet Center,10/31/2025,7:40:00 PM,"XG, ZW",Stream,Stream Storm,Storm 16: Sample 21,41.68,539.5,497.82,Yes,Yes,Yes,Yes,Yes,Yes,2345,,,,3/7/2026,0,0.15,0,0.77,0.13,0.18,0.04,0,0,0.16,0.19,0.22,0.24,0.05,0.21,0.37,0.26,0.84,1.02,0.09,0.01,0,0.02,0.02,1.17,0,1.86,0.59,0,0.01,0.63,0.05,2.57,1.86,0.94,1.96,0.09,0.04,0.03,0.03
SE16_22,Wet Center,10/31/2025,9:40:00 PM,"XG, ZW",Stream,Stream Storm,Storm 16: Sample 22,41.46,548.3,506.84,Yes,Yes,Yes,Yes,Yes,Yes,2346,,,,3/7/2026,0,0.1,0,2.65,0.08,0.24,0.03,0.01,0.01,0.1,0.29,0.21,0.42,0.07,0.27,0.29,0.35,1.55,1.07,0.1,0.03,0,0.01,0,1.34,0.07,2.03,0.77,0.01,0.01,0.53,0.01,2.96,1.7,0.91,2.12,0.11,0.03,0.01,0.04
SE16_23,Wet Center,10/31/2025,11:40:00 PM,"XG, ZW",Stream,Stream Storm,Storm 16: Sample 23,41.53,,,Yes,Yes,Yes,Yes,Yes,In Progress. SPE'd on 3/30,2347,,,,,,,,,,,,,,,,,,,,,,,,,,,,,,,,,,,,,,,,,,,,
SE16_24,Wet Center,11/1/2025,1:40:00 AM,"XG, ZW",Stream,Stream Storm,Storm 16: Sample 24,41.48,,,Yes,Yes,Yes,Yes,Yes,In Progress. SPE'd on 3/30,2348,,,,,,,,,,,,,,,,,,,,,,,,,,,,,,,,,,,,,,,,,,,,
BF_1031,Wet Center,10/31/2025,8:49:00 AM,"ZW, TN",Stream,Baseflow,During storm 16.,42.1,,,Yes,Yes,Yes,Yes,Yes,Yes,2349,,,,11/14/2025,,,,,,,,,,,,,,,,,,,,,,,,,,,,,,,,,,,,,,,,
BF_UP_1031,Wet Center UP,10/31/2025,9:02:00 AM,"ZW, TN",Stream,Baseflow,Taken straight from the mystery outflow pipe!,41.3,537,495.7,Yes,Yes,Yes,Yes,Yes,Yes,2350,,,,,,,,,,,,,,,,,,,,,,,,,,,,,,,,,,,,,,,,,,,,
,Wet Center,11/3/2025,6:00 PM,"RV, ZW",Stream,Baseflow,After storm 16,41.19,,-41.19,Yes,Yes,Yes,Yes,Yes,,2351,,,,,,,,,,,,,,,,,,,,,,,,,,,,,,,,,,,,,,,,,,,,
SE16_Post,Wet Center,11/4/2025,1:26 PM,"RV, ZW",Stream,Baseflow,"Quick and heavy thunderstorm the night before. ~0.17"" rain",41.34,556.6,515.26,Yes,Yes,Yes,Yes,Yes,Yes,2352,,,,2/15/2026,0.01,0.06,0.06,0.39,0.23,0.67,0.02,0.01,0,0.11,0.38,0.13,0.44,0.04,0.28,0.37,0.4,2.41,1.4,0.1,0.02,0,0.03,0.01,1.75,0.04,3.57,0.85,0.01,0.01,0.53,0.01,3.33,1.78,0.57,3.88,0.19,0.01,0.04,0.01
,Wet Center,11/5/2025,2:20 PM,"RV, XG",Stream,Baseflow,,41.58,,-41.58,Yes,Yes,Yes,Yes,Yes,,2354,,,,,,,,,,,,,,,,,,,,,,,,,,,,,,,,,,,,,,,,,,,,
,Wet Center,11/7/2025,8:54:00 AM,"RV, NA",Stream,Baseflow,,41.58,,-41.58,Yes,Yes,Yes,Yes,Yes,,2355,,,,,,,,,,,,,,,,,,,,,,,,,,,,,,,,,,,,,,,,,,,,
,Wet Center UP,11/7/2025,8:43:00 AM,"RV, NA",Stream,Baseflow,,41.98,,-41.98,Yes,Yes,Yes,Yes,Yes,,2356,,,,,,,,,,,,,,,,,,,,,,,,,,,,,,,,,,,,,,,,,,,,
,Wet Center,11/14/2025,8:57:00 AM,RV,Stream,Baseflow,,42.3,,-42.3,Yes,Yes,Yes,Yes,Yes,,2357,,,,,,,,,,,,,,,,,,,,,,,,,,,,,,,,,,,,,,,,,,,,
,Wet Center UP,11/14/2025,8:40:00 AM,RV,Stream,Baseflow,,42.2,,-42.2,Yes,Yes,Yes,Yes,Yes,,2358,,,,,,,,,,,,,,,,,,,,,,,,,,,,,,,,,,,,,,,,,,,,
,Equipment Blank,11/16/2025,1:00 PM,RV,MilliQ,Equipment Blank,EB on Precip Collector #2. ,41.5,555.3,513.8,,Yes,,,,Yes,,,,,11/16/2025,,,,,,,,,,,,,,,,,,,,,,,,,,,,,,,,,,,,,,,,
,Wet Center,11/21/2025,6:45:00 AM,RV,Stream,Baseflow,,,,0,Yes,Yes,Yes,Yes,Yes,,2375,,,,,,,,,,,,,,,,,,,,,,,,,,,,,,,,,,,,,,,,,,,,
,Wet Center UP,11/21/2025,6:55:00 AM,RV,Stream,Baseflow,,,,,Yes,Yes,Yes,Yes,Yes,,2376,,,,,,,,,,,,,,,,,,,,,,,,,,,,,,,,,,,,,,,,,,,,
EB_PCE,Equipment Blank,11/24/2025,2:30 PM,RV,MilliQ,Equipment Blank,EB on European collector,41.7,476.9,435.2,,Yes,,,,Yes,,,,,,,,,,,,,,,,,,,,,,,,,,,,,,,,,,,,,,,,,,,,,
EB_PC1,Equipment Blank,11/24/2025,2:30 PM,RV,MilliQ,Equipment Blank,EB on Precip Collector #1,41.3,561.5,520.2,,Yes,,,,Yes,,,,,,,,,,,,,,,,,,,,,,,,,,,,,,,,,,,,,,,,,,,,,
R_N25,Roaring,11/15/2025,10:42 AM,"RV, XG",Stream,13-Site,,41.5,559.7,518.2,Yes,Yes,Yes,Yes,Yes,Yes,2361,,,,1/28/2025,0,0.02,0.04,0.28,0.03,0.61,0.01,0,0.01,0.07,0.25,0.12,0.25,0.06,0.15,0.3,0.21,0.4,0.18,0.05,0.01,0,0,0.01,0.2,0.05,0.22,0.46,0.01,0,0.29,0,0.56,0.56,0.32,0.22,0.01,0.02,0.04,0.02
D_N25,Doolittle,11/15/2025,10:48 AM,"RV, XG",Stream,13-Site,,41.4,547.5,506.1,Yes,Yes,Yes,Yes,Yes,Yes,2362,,,,1/28/2025,0,0.09,0.04,0.31,0.03,0.47,0.04,0,0,0.11,0.12,0.07,0.12,0.04,0.08,0.23,0.11,1.14,0.4,0.06,0.03,0.02,0.02,0,0.49,0.03,0.58,0.28,0.01,0.01,0.42,0,1.3,1.1,0.35,0.7,0.04,0.02,0.02,0.04
EU_N25,Eastman Up,11/15/2025,11:24 AM,"RV, XG",Stream,13-Site,,41.5,544.6,503.1,Yes,Yes,Yes,Yes,Yes,Yes,2363,,,,1/28/2025,,,,,,,,,,,,,,,,,,,,,,,,,,,,,,,,,,,,,,,,
ED_N25,Eastman Down,11/15/2025,1:08 PM,"RV, XG",Stream,13-Site,,41.3,547.9,506.6,Yes,Yes,Yes,Yes,Yes,Yes,2364,,,,1/28/2025,0,0.07,0.06,0.2,0.01,0.37,0.03,0,0,0.2,0.22,0.11,0.24,0.06,0.15,0.41,0.19,1.85,1.09,0.05,0.04,0,0.02,0.01,0.62,0.01,1.67,0.52,0.01,0.02,0.5,0,2.01,1.37,0.75,1.62,0.08,0.02,0.04,0.02
MS_N25,Mill site,11/15/2025,11:45 AM,"RV, XG",Stream,13-Site,,42.4,554.2,511.8,Yes,Yes,Yes,Yes,Yes,Yes,2365,,,,1/28/2025,0,0,0.06,0.66,0.41,0.69,0.01,0,0,0.12,0.35,0.12,0.38,0.04,0.19,0.23,0.29,2.24,1.71,0.09,0.03,0,0,0.01,1.94,0.08,4.12,0.97,0.01,0.01,0.53,0.02,3.34,1.84,0.26,3.81,0.17,0.01,0.04,0.02
K_N25,Knightly,11/15/2025,12:46 PM,"RV, XG",Stream,13-Site,,41.7,527.3,485.6,Yes,Yes,Yes,Yes,Yes,Yes,2366,,,,1/28/2025,0,0.09,0,0.23,0.04,0.27,0.03,0.01,0.01,0.3,0.23,0.09,0.4,0.06,0.27,0.57,0.35,73.47,30.13,0.18,0.06,0.02,0.01,0.01,124.38,0.08,212.88,2.34,0.04,0.04,2.63,0,303.41,1.84,0.78,189.81,0.5,0.04,0.04,0.07
LW_N25,Lake Warner Outlet,11/15/2025,12:26 PM,"RV, XG",Stream,13-Site,,42.2,541.8,499.6,Yes,Yes,Yes,Yes,Yes,Yes,2367,,,,1/28/2025,0,0.06,0.05,0.95,0.39,0.27,0.02,0,0,0.22,0.36,0.14,0.37,0.06,0.21,0.31,0.28,4.44,2.72,0.11,0.04,0,0.03,0.02,4.35,0.03,8.41,1.01,0,0.02,0.67,0.01,10.16,1.99,0.32,7.81,0.19,0.03,0.02,0.04
CD_N25,Campus Pond Down,11/15/2025,5:42 PM,"TN, KW",Stream,13-Site,,41.4,496.5,455.1,Yes,Yes,Yes,Yes,Yes,Yes,2368,,,,1/28/2025,0,0.17,0.06,0,0.06,1.05,0.01,0,0,0.21,0.42,0.58,0.45,0.07,0.24,0.46,0.38,5.06,4.80,0.58,0.17,0.01,0.21,0,3.02,0.12,5.38,2.30,0.04,0.02,1.67,0.04,7.95,5.52,1.29,5.30,0.14,0.08,0.11,0.3
CU_N25,Campus Pond Up,11/15/2025,6:42 PM,"TN, KW",Stream,13-Site,,42.2,520.6,478.4,Yes,Yes,Yes,Yes,Yes,Yes,2369,,,,1/28/2025,0,0.12,0.06,0.75,0.01,0.52,0,0,0,0.17,0.15,0.17,0.18,0.06,0.1,0.36,0.12,3.65,5.92,0.34,0.05,0,0.11,0.01,2.74,0.1,5.51,2.39,0.01,0.01,1.27,0.01,8.18,5.84,1,5.21,0.57,0.02,0.02,0.06
TD_N25,Tan Brook Down,11/15/2025,7:42 PM,"TN, KW",Stream,13-Site,,42.2,548.5,506.3,Yes,Yes,Yes,Yes,Yes,Yes,2370,,,,1/28/2025,0,0.1,0.05,0.49,0.01,0.44,0.02,0.01,0,0.12,0.35,0.26,0.39,0.06,0.2,0.35,0.3,4.59,3.82,0.28,0.05,0,0.13,0.01,2.92,0.11,7.15,2.52,0.01,0.02,1.26,0.02,7.90,5.52,0.73,6.51,0.43,0.04,0.03,0.05
HD_N25,Horse Down,11/15/2025,8:42 PM,"TN, KW",Stream,13-Site,,41.4,529.8,488.4,Yes,Yes,Yes,Yes,Yes,Yes,2371,,,,1/28/2025,0,0.13,0.07,0.6,0.01,0.84,0,0.01,0.01,0.11,0.41,0.12,0.48,0.07,0.29,0.36,0.41,1.98,7.66,0.1,0.01,0,0.02,0.01,0.67,0.02,1.67,1.23,0.02,0,0.67,0.03,1.93,1.84,0.63,1.51,0.25,0.03,0.01,0.05
HU_N25,Horse Up ,11/15/2025,9:42 PM,"TN, KW",Stream,13-Site,,42.5,532.7,490.2,Yes,Yes,Yes,Yes,Yes,Yes,2372,,,,1/28/2025,0,0.38,0.06,0.55,0.05,0.97,0.03,0.01,0.01,0.09,0.2,0.17,0.23,0.08,0.11,0.31,0.15,2.75,5.86,0.27,0.06,0.01,0.06,0.01,1.6,0.1,4.23,1.5,0.02,0.01,0.89,0.03,4.17,3.11,0.71,4.24,0.23,0.02,0.02,0.1
TU_N25,Tan Brook Up ,11/15/2025,10:42 PM,"TN, KW",Stream,13-Site,,41.1,515.7,474.6,Yes,Yes,Yes,Yes,Yes,Yes,2373,,,,1/28/2025,0,0.1,0.06,0.52,0.01,0.21,0.01,0.01,0.01,0.11,0.55,0.21,0.39,0.04,0.25,0.41,0.35,3.63,6.72,0.19,0.06,0,0.02,0,2.92,0.18,5.24,2.27,0.01,0.01,1.02,0.02,7.93,5.20,0.36,4.77,0.63,0.03,0.01,0.01
B2_128,Blank,1/28/2026,,RV,MilliQ,Blank,,41.8,543.1,501.3,,,,,,Yes,,,,,,,,,,,,,,,,,,,,,,,,,,,,,,,,,,,,,,,,,,,,,
,Wet Center,11/28/2025,12:10 PM,RV,Stream,Baseflow,,42.1,,,Yes,Yes,Yes,Yes,Yes,,2391,,,,,,,,,,,,,,,,,,,,,,,,,,,,,,,,,,,,,,,,,,,,
,WC Upstream,11/28/2025,12:00 PM,RV,Stream,Baseflow,,41.5,,,Yes,Yes,Yes,Yes,Yes,,2392,,,,,,,,,,,,,,,,,,,,,,,,,,,,,,,,,,,,,,,,,,,,
,E-Lab II,12/2/2025,4:32 PM,RV,Snow,Precip,Snowed 5 inches,41.2,,,Yes,Yes,Yes,Yes,Yes,,2393,,,,,,,,,,,,,,,,,,,,,,,,,,,,,,,,,,,,,,,,,,,,
R_D25,Roaring,12/6/2025,10:54 AM,"TN, RV, KW, ZW",Stream,13-Site,,41.6,580.4,538.8,Yes,Yes,Yes,Yes,Yes,Yes,2405,,,,2/15/2026,0.01,0.03,0.03,0.2,0.02,0.53,0.01,0.01,0.01,0.06,0.12,0.06,0.38,0.06,0.12,0.3,0.26,0.46,0.2,0.06,0.01,0,0.02,0,0.18,0.02,0.18,0.28,0.01,0,0.34,0,0.61,0.53,0.18,0.27,0.02,0.02,0.02,0.02
D_D25,Doolittle,12/6/2025,11:07 AM,"TN, RV, KW, ZW",Stream,13-Site,,41.7,569.4,527.7,Yes,Yes,Yes,Yes,Yes,Yes,2406,,,,2/15/2026,0,0.01,0.01,0.22,0.06,0.65,0.01,0.01,0,0.03,0.1,0.1,0.21,0.06,0.12,0.3,0.17,0.73,0.3,0.04,0.01,0,0,0,0.35,0.02,0.45,0.35,0.01,0.01,0.34,0,0.83,0.74,0.19,0.58,0.04,0.01,0.02,0.02
EU_D25,Eastman Up,12/6/2025,11:31 AM,"TN, RV, KW, ZW",Stream,13-Site,,42.4,566.3,523.9,Yes,Yes,Yes,Yes,Yes,Yes,2407,,,,2/15/2026,0,0.18,0.03,0.83,0.01,0.52,0.01,0,0.01,0.07,0.23,0.14,0.36,0.05,0.22,0.38,0.3,1.42,0.6,0.09,0.01,0.02,0.01,0,0.48,0.02,0.7,0.59,0.02,0,0.41,0.01,1.42,0.89,0.34,0.63,0.05,0.02,0.01,0.07
K_D25,Knightly,12/6/2025,12:05 PM,"TN, RV, KW, ZW",Stream,13-Site,,42.4,577.8,535.4,Yes,Yes,Yes,Yes,Yes,Yes,2408,,,,2/15/2026,0,0.02,0,0.51,0.03,0.27,0.01,0,0,0.24,0.3,0.15,0.37,0.05,0.26,0.24,0.3,54.51,23.39,0.11,0.01,0,0.02,0,90.13,0.03,156.70,1.67,0.02,0.02,1.98,0,226.78,1.38,0.15,144.27,0.34,0.02,0.04,0.02
LW_D25,Lake Warner Outlet,12/6/2025,11:50 AM,"TN, RV, KW, ZW",Stream,13-Site,,42,568.5,526.5,Yes,Yes,Yes,Yes,Yes,Yes,2409,,,,2/15/2026,0,0.47,0.06,0.49,0.6,1.86,0.01,0,0,0.11,0.26,0.15,0.43,0.06,0.24,0.34,0.33,4.04,2.78,0.11,0.04,0,0.01,0.02,4.79,0.05,9.30,0.83,0.01,0,0.64,0.02,10.90,1.73,0.22,8.63,0.15,0.03,0.03,0.05
MS_D25,Mill Site,12/6/2025,12:20 PM,"TN, RV, KW, ZW",Stream,13-Site,,41.6,572.8,531.2,Yes,Yes,Yes,Yes,Yes,Yes,2410,,,,2/15/2026,0,0,0.12,0.62,1.27,0.41,0.01,0,0,0.09,0.24,0.11,0.28,0.03,0.15,0.3,0.24,2.08,1.49,0.04,0.04,0,0,0,1.55,0.03,3.68,0.7,0.01,0.01,0.46,0.01,2.91,1.39,0.54,3.42,0.06,0.01,0.03,0.02
HD_D25,Horse Down,12/6/2025,11:32 AM,"TN, RV, KW, ZW",Stream,13-Site,,41.8,520.7,478.9,Yes,Yes,Yes,Yes,Yes,Yes,2422,,,,2/15/2026,0,0.18,0.07,0.52,0.11,0.75,0,0.01,0.01,0.09,0.39,0.27,0.71,0.07,0.41,0.36,0.58,3.07,4.38,0.18,0.05,0.01,0.06,0.01,1.49,0.04,4.23,1.4,0.03,0.02,0.75,0.03,3.81,2.45,0.82,4.13,0.31,0.02,0.04,0.07
HU_D25,Horse Up ,12/6/2025,12:05 PM,"TN, RV, KW, ZW",Stream,13-Site,,42.1,527.5,485.4,Yes,Yes,Yes,Yes,Yes,Yes,2421,,,,2/15/2026,0.01,0.12,0.11,0.32,0.02,1.42,0.02,0,0,0.14,0.14,0.1,0.23,0.06,0.14,0.34,0.17,3.03,5.30,0.07,0.04,0,0.03,0.01,0.86,0.07,1.77,0.92,0.02,0.01,0.63,0.01,1.91,1.38,0.24,1.31,0.21,0.02,0.01,0.06
TBU_D25,Tan Brook Up ,12/6/2025,12:29 PM,"TN, RV, KW, ZW",Stream,13-Site,,41.4,527.6,486.2,Yes,Yes,Yes,Yes,Yes,Yes,2420,,,,2/15/2026,0,0.46,0.06,0.98,0.04,0.56,0,0.01,0.01,0.05,0.16,0.24,0.23,0.08,0.14,0.29,0.19,4.6,6.52,0.22,0.03,0,0.01,0.01,2.53,0.18,4.87,2.30,0.01,0.01,0.91,0.04,7.50,4.96,0.45,4.42,0.41,0.03,0.01,0.03
CPU_D25,Campus Pond Up,12/6/2025,12:45 PM,"TN, RV, KW, ZW",Stream,13-Site,,42.2,496.2,454,Yes,Yes,Yes,Yes,Yes,Yes,2416,,,,2/15/2026,0,0.12,0.06,0.26,0.03,0.87,0.02,0.01,0,0.17,0.24,0.19,0.29,0.07,0.18,0.5,0.25,4,6.10,0.34,0.1,0.01,0.09,0.01,2.61,0.13,6.67,2.30,0.02,0.02,1.43,0.02,8.02,5.86,0.64,5.53,0.32,0.06,0.07,0.14
TBD_D25,Tan Brook Down,12/6/2025,10:50 AM,"TN, RV, KW, ZW",Stream,13-Site,,41.3,533,491.7,Yes,Yes,Yes,Yes,Yes,Yes,2419,,,,2/15/2026,0,0.2,0.05,0.71,0.06,1.03,0.02,0.01,0.01,0.1,0.2,0.12,0.31,0.09,0.17,0.26,0.24,4.69,4.08,0.23,0.05,0.01,0.06,0.01,3.01,0.24,7.25,2.43,0,0.01,1.12,0.02,8.06,5.50,1.55,6.29,0.34,0.06,0.03,0.03
WC_D25,Wet Center,12/6/2025,11:10 AM,"TN, RV, KW, ZW",Stream,13-Site,,42.2,523.4,481.2,Yes,Yes,Yes,Yes,Yes,Yes,2417,,,,2/15/2026,0,0,0.1,0.98,0.95,0.18,0.04,0,0.01,0.08,0.23,0.1,0.39,0.07,0.23,0.39,0.33,2.71,1.07,0.08,0.02,0,0.01,0.01,1.57,0.04,3.52,0.81,0.01,0,0.47,0.01,2.80,1.35,0.48,3.32,0.1,0.02,0.01,0
B1_215,Blank,2/15/2026,,RV,MilliQ,Blank,Dec2025 samples,42,541.8,499.8,,,,,,Yes,,,,,2/15/2026,,,,,,,,,,,,,,,,,,,,,,,,,,,,,,,,,,,,,,,,
B2_215,Blank,2/15/2026,,RV,MilliQ,Blank,Dec2025 samples,41.99,542.2,500.21,,,,,,Yes,,,,,2/15/2026,,,,,,,,,,,,,,,,,,,,,,,,,,,,,,,,,,,,,,,,
,Wet Center,12/12/2025,10:40 AM,"RV, KW",Stream,Baseflow,,,,,Yes,Yes,Yes,Yes,Yes,,2432,,,,,,,,,,,,,,,,,,,,,,,,,,,,,,,,,,,,,,,,,,,,
,WC Upstream,12/12/2025,10:49 AM,"RV,KW",Stream,Baseflow,,,,,Yes,Yes,Yes,Yes,Yes,,2433,,,,,,,,,,,,,,,,,,,,,,,,,,,,,,,,,,,,,,,,,,,,
,Wet Center,12/19/2025,9:56 AM,"KW, ZW",Stream,Baseflow,,41.83,561.7,519.87,Yes,Yes,Yes,Yes,Yes,Yes,2434,,,,,,,,,,,,,,,,,,,,,,,,,,,,,,,,,,,,,,,,,,,,
,WC Upstream,12/19/2025,10:05 AM,"KW, ZW",Stream,Baseflow,,41.91,555.3,513.39,Yes,Yes,Yes,Yes,Yes,Yes,2435,,,,,,,,,,,,,,,,,,,,,,,,,,,,,,,,,,,,,,,,,,,,
,Wet Center,1/10/2026,1:38 PM,"RV, KW",Stream,Baseflow,,42.78,,,Yes,Yes,Yes,Yes,Yes,,2434,,,,,,,,,,,,,,,,,,,,,,,,,,,,,,,,,,,,,,,,,,,,
,WC Upstream,1/10/2026,1:33 PM,"RV, KW",Stream,Baseflow,,42.23,,,Yes,Yes,Yes,Yes,Yes,,2435,,,,,,,,,,,,,,,,,,,,,,,,,,,,,,,,,,,,,,,,,,,,
,Eastman Up,1/15/2026,10:13 AM,"RV,KW",Stream,13-Site,,,,,Yes,Yes,Yes,Yes,Yes,,2438,,,,,,,,,,,,,,,,,,,,,,,,,,,,,,,,,,,,,,,,,,,,
,Horse Down,1/15/2026,1:44 PM,"RV, KW",Stream,13-Site,,,,,Yes,Yes,Yes,Yes,Yes,,2446,,,,,,,,,,,,,,,,,,,,,,,,,,,,,,,,,,,,,,,,,,,,
,Mill Site,1/15/2026,11:27 AM,"RV, KW",Stream,13-Site,,,,,Yes,Yes,Yes,Yes,Yes,,2442,,,,,,,,,,,,,,,,,,,,,,,,,,,,,,,,,,,,,,,,,,,,
,Knightly,1/15/2026,10:47 AM,"RV, KW",Stream,13-Site,,,,,Yes,Yes,Yes,Yes,Yes,,2440,,,,,,,,,,,,,,,,,,,,,,,,,,,,,,,,,,,,,,,,,,,,
,Tan Brook Up ,1/15/2026,12:02 PM,"RV, KW",Stream,13-Site,,,,,Yes,Yes,Yes,Yes,Yes,,2444,,,,,,,,,,,,,,,,,,,,,,,,,,,,,,,,,,,,,,,,,,,,
,Doolittle,1/15/2026,9:50 AM,"RV, KW",Stream,13-Site,,,,,Yes,Yes,Yes,Yes,Yes,,2437,,,,,,,,,,,,,,,,,,,,,,,,,,,,,,,,,,,,,,,,,,,,
,Eastman Down,1/15/2026,10:30 AM,"RV, KW",Stream,13-Site,,,,,Yes,Yes,Yes,Yes,Yes,,2439,,,,,,,,,,,,,,,,,,,,,,,,,,,,,,,,,,,,,,,,,,,,
,Horse Up ,1/15/2026,10:43 AM,"RV, KW",Stream,13-Site,,,,,Yes,Yes,Yes,Yes,Yes,,2443,,,,,,,,,,,,,,,,,,,,,,,,,,,,,,,,,,,,,,,,,,,,
,Lake Warner Outlet,1/15/2026,11:11 AM,"RV, KW",Stream,13-Site,,,,,Yes,Yes,Yes,Yes,Yes,,2441,,,,,,,,,,,,,,,,,,,,,,,,,,,,,,,,,,,,,,,,,,,,
,Roaring,1/15/2026,9:30 AM,"RV, KW",Stream,13-Site,,,,,Yes,Yes,Yes,Yes,Yes,,2436,,,,,,,,,,,,,,,,,,,,,,,,,,,,,,,,,,,,,,,,,,,,
,Tan Brook Down,1/15/2026,1:25 PM,"RV, KW",Stream,13-Site,,,,,Yes,Yes,Yes,Yes,Yes,,2445,,,,,,,,,,,,,,,,,,,,,,,,,,,,,,,,,,,,,,,,,,,,
,Campus Pond Down,1/15/2026,2:13 PM,"RV, KW",Stream,13-Site,,,,,Yes,Yes,Yes,Yes,Yes,,2448,,,,,,,,,,,,,,,,,,,,,,,,,,,,,,,,,,,,,,,,,,,,
,Campus Pond Up,1/15/2026,1:58 PM,"RV, KW",Stream,13-Site,,,,,Yes,Yes,Yes,Yes,Yes,,2447,,,,,,,,,,,,,,,,,,,,,,,,,,,,,,,,,,,,,,,,,,,,
BF_0120,Wet Center,1/20/2026,2:12 PM,RV,Stream,Baseflow,,41.77,552.9,511.13,Yes,Yes,Yes,Yes,Yes,Yes,Missing?,,,,1/28/2025,0,0,0.05,0.16,3.58,0.67,0.07,0.01,0,0.13,0.44,0.11,0.42,0.04,0.27,0.41,0.33,1.61,1.05,0.03,0.02,0,0,0,1.07,0.03,2.53,0.67,0.01,0.01,0.42,0.01,2.59,1.22,0.17,2.65,0.08,0.02,0,0.02
,Wet Center,1/23/2026,4:18,RV,Stream,Baseflow,,41.5,,-41.5,Yes,Yes,Yes,Yes,Yes,,Missing?,,,,,,,,,,,,,,,,,,,,,,,,,,,,,,,,,,,,,,,,,,,,
,Wet Center,1/29/2026,9:30,RV,Stream,Baseflow,,41.5,,-41.5,Yes,Yes,Yes,Yes,Yes,,2451,,,,,,,,,,,,,,,,,,,,,,,,,,,,,,,,,,,,,,,,,,,,
,Eastman Down,2/21/2026,12:21,"RV, OW",Stream,13-Site,Bad day! snow made it so that very few sites were actually accessible,41.58,,,,,,,,,,,,,,,,,,,,,,,,,,,,,,,,,,,,,,,,,,,,,,,,,,,,,
,Knightly,2/21/2026,12:40,"RV, OW",Stream,13-Site,The tare weight wasn't taken for each bottle. Assuming the mean weight...,41.58,,,,,,,,,,,,,,,,,,,,,,,,,,,,,,,,,,,,,,,,,,,,,,,,,,,,,
,Tan Brook Up ,2/21/2026,,"TN, SH, JC",Stream,13-Site,Asumption. Tare weight,41.58,,,,,,,,,,,,,,,,,,,,,,,,,,,,,,,,,,,,,,,,,,,,,,,,,,,,,
,Wet Center,2/21/2026,11:04,"RV, OW",Stream,13-Site,Asumption. Tare weight,41.58,,,,,,,,,,,,,,,,,,,,,,,,,,,,,,,,,,,,,,,,,,,,,,,,,,,,,
,Tan Brook Down,2/21/2026,,"TN, SH, JC",Stream,13-Site,Asumption. Tare weight,41.58,,,,,,,,,,,,,,,,,,,,,,,,,,,,,,,,,,,,,,,,,,,,,,,,,,,,,
,Eastman Up,2/21/2026,11:56,"RV, OW",Stream,13-Site,Asumption. Tare weight,41.58,,,,,,,,,,,,,,,,,,,,,,,,,,,,,,,,,,,,,,,,,,,,,,,,,,,,,
,Campus Pond Up,2/21/2026,,"TN, SH, JC",Stream,13-Site,Asumption. Tare weight,41.58,,,,,,,,,,,,,,,,,,,,,,,,,,,,,,,,,,,,,,,,,,,,,,,,,,,,,
,Lake Warner Outlet,2/21/2026,,"TN, SH, JC",Stream,13-Site,Asumption. Tare weight,41.58,,,,,,,,,,,,,,,,,,,,,,,,,,,,,,,,,,,,,,,,,,,,,,,,,,,,,
,Mill Site,2/21/2026,12:59,"RV, OW",Stream,13-Site,Asumption. Tare weight,41.58,,,,,,,,,,,,,,,,,,,,,,,,,,,,,,,,,,,,,,,,,,,,,,,,,,,,,
B1_225,Blank,2/25/2026,,RV,MilliQ,Blank,SPE blank. for samples SE16_2 through 8.,41.8,540.2,498.4,,,,,,Yes,,,,,,,,,,,,,,,,,,,,,,,,,,,,,,,,,,,,,,,,,,,,,
,Wet Center,2/27/2026,8:30 AM,RV,Stream,Baseflow,,42,,-42,Yes,Yes,,,,,,,,,,,,,,,,,,,,,,,,,,,,,,,,,,,,,,,,,,,,,,,,,
B1_306,Blank,3/6/2026,,RV,MilliQ,Blank,SPE blank. for samples SE16_9 through 15.,42.42,539.31,496.89,,,,,,Yes,,,,,,,,,,,,,,,,,,,,,,,,,,,,,,,,,,,,,,,,,,,,,
B1_307,Blank,3/7/2026,,RV,MilliQ,Blank,SPE blank. for samples SE16_16 through 20.,42.1,538.1,496,,,,,,Yes,,,,,,,,,,,,,,,,,,,,,,,,,,,,,,,,,,,,,,,,,,,,,
,Wet Center,3/4/2026,9:55 AM,RV,Stream,Baseflow,Snowed in the morning ,42,,-42,Yes,Yes,,,,,,,,,,,,,,,,,,,,,,,,,,,,,,,,,,,,,,,,,,,,,,,,,
,Wet Center,3/4/2026,12:21 PM,"RV, JC, OW",Stream,Baseflow,Rapid snow melt,41.99,,-41.99,Yes,Yes,,,,,,,,,,,,,,,,,,,,,,,,,,,,,,,,,,,,,,,,,,,,,,,,,
,Wet Center,3/4/2026,2:25 PM,"RV, JC ",Stream,Baseflow,"high in 50s, more snowmelt",42.06,,-42.06,Yes,Yes,,,,,,,,,,,,,,,,,,,,,,,,,,,,,,,,,,,,,,,,,,,,,,,,,
,Wet center,3/9/2026,2:37 PM,"RV, JC, OW",Stream,Baseflow,High in 60s. Even MORE snowmelt,42.36,,-42.36,Yes,Yes,,,,,,,,,,,,,,,,,,,,,,,,,,,,,,,,,,,,,,,,,,,,,,,,,
,Wet center,3/16/2026,3:40 PM,RV,Stream,Baseflow,Very high flow. ~3.5 ft depth,42.02,,-42.02,Yes,Yes,,,,,,,,,,,,,,,,,,,,,,,,,,,,,,,,,,,,,,,,,,,,,,,,,
,Wet center,3/23/2026,2:30 PM,"RV, JC, OW",Stream,Baseflow,Very high flow. ~3.45 ft depth,41.98,,-41.98,Yes,Yes,,,,,,,,,,,,,,,,,,,,,,,,,,,,,,,,,,,,,,,,,,,,,,,,,
TU_M26,Tan Brook Up ,3/28/2026,9:29:00 AM,"OW, KW",Stream,13-Site,13 site and spatial on same day.,42.25,555.86,513.61,Yes,Yes,,,,In Progress. Carbon + Filtered on 4/3. Needs IS spike,,,,,,,,,,,,,,,,,,,,,,,,,,,,,,,,,,,,,,,,,,,,,
CU_M26,Campus Pond UP,3/28/2026,9:51:00 AM,"OW, KW",Stream,13-Site,,42.47,560.42,517.95,Yes,Yes,,,,In Progress. Carbon + Filtered on 4/3. Needs IS spike,,,,,,,,,,,,,,,,,,,,,,,,,,,,,,,,,,,,,,,,,,,,,
CD_M26,Campus Pond Down,3/28/2026,10:03:00 AM,"OW, KW",Stream,13-Site,,42.22,570,527.78,Yes,Yes,,,,In Progress. Carbon + Filtered on 4/3. Needs IS spike,,,,,,,,,,,,,,,,,,,,,,,,,,,,,,,,,,,,,,,,,,,,,
R_M26,Roaring,3/28/2026,10:37:00 AM,"OW, KW",Stream,13-Site,,42.23,562.6,520.37,Yes,Yes,,,,In Progress. Carbon + Filtered on 4/3. Needs IS spike,,,,,,,,,,,,,,,,,,,,,,,,,,,,,,,,,,,,,,,,,,,,,
D_M26,Doolittle,3/28/2026,10:56:00 AM,"OW, KW",Stream,13-Site,,42.23,578.72,536.49,Yes,Yes,,,,In Progress. Carbon + Filtered on 4/3. Needs IS spike,,,,,,,,,,,,,,,,,,,,,,,,,,,,,,,,,,,,,,,,,,,,,
EU_M26,Eastman Up,3/28/2026,11:26:00 AM,"OW, KW",Stream,13-Site,,42.28,561.45,519.17,Yes,Yes,,,,In Progress. Carbon + Filtered on 4/3. Needs IS spike,,,,,,,,,,,,,,,,,,,,,,,,,,,,,,,,,,,,,,,,,,,,,
ED_M26,Eastman Down,3/28/2026,11:53:00 AM,"OW, KW",Stream,13-Site,,42.18,576.12,533.94,Yes,Yes,,,,In Progress. Carbon + Filtered on 4/3. Needs IS spike,,,,,,,,,,,,,,,,,,,,,,,,,,,,,,,,,,,,,,,,,,,,,
K_M26,Knightly,3/28/2026,12:24:00 PM,"OW, KW",Stream,13-Site,,42.17,556.19,514.02,Yes,Yes,,,,In Progress. Carbon + Filtered on 4/3. Needs IS spike,,,,,,,,,,,,,,,,,,,,,,,,,,,,,,,,,,,,,,,,,,,,,
MS_M26,Mill Site,3/28/2026,12:45:00 PM,"OW, KW",Stream,13-Site,,42.26,571.67,529.41,Yes,Yes,,,,In Progress. Carbon + Filtered on 4/3. Needs IS spike,,,,,,,,,,,,,,,,,,,,,,,,,,,,,,,,,,,,,,,,,,,,,
LW_M26,Lake Warner Outlet,3/28/2026,1:17:00 AM,"OW, KW",Stream,13-Site,,42.07,578.91,536.84,Yes,Yes,,,,In Progress. Carbon + Filtered on 4/3. Needs IS spike,,,,,,,,,,,,,,,,,,,,,,,,,,,,,,,,,,,,,,,,,,,,,
HU_M26,Horse Up,3/28/2026,1:44:00 PM,"OW, KW",Stream,13-Site,,42.32,564.91,522.59,Yes,Yes,,,,In Progress. Carbon + Filtered on 4/3. Needs IS spike,,,,,,,,,,,,,,,,,,,,,,,,,,,,,,,,,,,,,,,,,,,,,
HD_M26,Horse Down,3/28/2026,2:02:00 PM,"OW, KW",Stream,13-Site,,41.58,569.06,527.48,Yes,Yes,,,,In Progress. Carbon + Filtered on 4/3. Needs IS spike,,,,,,,,,,,,,,,,,,,,,,,,,,,,,,,,,,,,,,,,,,,,,
WC_M26,Wet Center,3/28/2026,2:22:00 PM,"OW, KW",Stream,Baseflow,,42.14,588.54,546.4,Yes,Yes,,,,In Progress. Carbon + Filtered on 4/3. Needs IS spike,,,,,,,,,,,,,,,,,,,,,,,,,,,,,,,,,,,,,,,,,,,,,
TD_M26,Tan Brook Down,3/28/2026,2:40:00 PM,"OW, KW",Stream,13-Site,,42.43,578.35,535.92,Yes,Yes,,,,In Progress. Carbon + Filtered on 4/3. Needs IS spike,,,,,,,,,,,,,,,,,,,,,,,,,,,,,,,,,,,,,,,,,,,,,
B1_329,Blank,3/29/2026,,RV,MilliQ,Blank,SPE blank. for samples March 13 sites +WC.,42.38,549.72,507.34,Yes,Yes,,,,In Progress. Carbon + Filtered on 4/3. Needs IS spike,,,,,,,,,,,,,,,,,,,,,,,,,,,,,,,,,,,,,,,,,,,,,
B2_329,Blank,3/29/2026,,RV,MilliQ,Blank,SPE blank. for samples March 13 sites +WC.,41.77,548.12,506.35,Yes,Yes,,,,In Progress. Carbon + Filtered on 4/3. Needs IS spike,,,,,,,,,,,,,,,,,,,,,,,,,,,,,,,,,,,,,,,,,,,,,
B1_S3,Blank,3/30/2026,,RV,MilliQ,Blank,SPE Blank for S3,42.12,547.9,505.78,Yes,Yes,,,,In Progress. Carbon + Filtered on 4/3. Needs IS spike,,,,,,,,,,,,,,,,,,,,,,,,,,,,,,,,,,,,,,,,,,,,,
S3_14,UMass Farm,3/28/2026,9:39 AM,"RV, SH",Stream,Spatial,,42.11,551.61,509.5,Yes,Yes,,,,In Progress. Carbon + Filtered on 4/3. Needs IS spike,,,,,,,,,,,,,,,,,,,,,,,,,,,,,,,,,,,,,,,,,,,,,
S3_15,Brandywine Pond,3/28/2026,9:51 AM,"RV, SH",Stream,Spatial,,42.27,572.72,530.45,Yes,Yes,,,,In Progress. Carbon + Filtered on 4/3. Needs IS spike,,,,,,,,,,,,,,,,,,,,,,,,,,,,,,,,,,,,,,,,,,,,,
S3_16,MR Julius Bridge,3/28/2026,10:08 AM,"RV, SH",Stream,Spatial,,42.29,567.55,525.26,Yes,Yes,,,,In Progress. Carbon + Filtered on 4/3. Needs IS spike,,,,,,,,,,,,,,,,,,,,,,,,,,,,,,,,,,,,,,,,,,,,,
S3_17,Puffers Waterfall,3/28/2026,10:32 AM,"RV, SH",Stream,Spatial,,41.96,584.54,542.58,Yes,Yes,,,,In Progress. Carbon + Filtered on 4/3. Needs IS spike,,,,,,,,,,,,,,,,,,,,,,,,,,,,,,,,,,,,,,,,,,,,,
S3_18,Puffers Pond Beach,3/28/2026,10:42 AM,"RV, SH",Stream,Spatial,,42.02,564.38,522.36,Yes,Yes,,,,In Progress. Carbon + Filtered on 4/3. Needs IS spike,,,,,,,,,,,,,,,,,,,,,,,,,,,,,,,,,,,,,,,,,,,,,
S3_19,Puffers Railroad,3/28/2026,10:56 AM,"RV, SH",Stream,Spatial,,42.14,583.85,541.71,Yes,Yes,,,,In Progress. Carbon + Filtered on 4/3. Needs IS spike,,,,,,,,,,,,,,,,,,,,,,,,,,,,,,,,,,,,,,,,,,,,,
S3_20,Haskins Meadows,3/28/2026,12:05 PM,"RV, SH",Stream,Spatial,,42.13,569.39,527.26,Yes,Yes,,,,In Progress. Carbon + Filtered on 4/3. Needs IS spike,,,,,,,,,,,,,,,,,,,,,,,,,,,,,,,,,,,,,,,,,,,,,
S3_21,Haskins Meadows Up,3/28/2026,12:15 PM,"RV, SH",Stream,Spatial,,42.38,558.29,515.91,Yes,Yes,,,,In Progress. Carbon + Filtered on 4/3. Needs IS spike,,,,,,,,,,,,,,,,,,,,,,,,,,,,,,,,,,,,,,,,,,,,,
B2_S3,Blank,,,RV,MilliQ,Blank,SPE Blank for S3,42.13,548.3,506.17,Yes,Yes,,,,In Progress. Carbon + Filtered on 4/3. Needs IS spike,,,,,,,,,,,,,,,,,,,,,,,,,,,,,,,,,,,,,,,,,,,,,
S3_22,Atkins Reservoir,3/28/2026,12:33 PM,"RV, SH",Stream,Spatial,,42.09,574.36,532.27,Yes,Yes,,,,In Progress. Carbon + Filtered on 4/3. Needs IS spike,,,,,,,,,,,,,,,,,,,,,,,,,,,,,,,,,,,,,,,,,,,,,
S3_23,Dean Brook,3/28/2026,12:44 PM,"RV, SH",Stream,Spatial,,42.43,567.36,524.93,Yes,Yes,,,,In Progress. Carbon + Filtered on 4/3. Needs IS spike,,,,,,,,,,,,,,,,,,,,,,,,,,,,,,,,,,,,,,,,,,,,,
S3_24,Nurse Brook,3/28/2026,12:56 PM,"RV, SH",Stream,Spatial,,42.45,538.72,496.27,Yes,Yes,,,,In Progress. Carbon + Filtered on 4/3. Needs IS spike,,,,,,,,,,,,,,,,,,,,,,,,,,,,,,,,,,,,,,,,,,,,,
S3_25,Shutesbury Cemetery,3/28/2026,1:17 PM,"RV, SH",Stream,Spatial,,42.3,535.87,493.57,Yes,Yes,,,,In Progress. Carbon + Filtered on 4/3. Needs IS spike,,,,,,,,,,,,,,,,,,,,,,,,,,,,,,,,,,,,,,,,,,,,,
S3_26,Broad Hil,3/28/2026,1:30 PM,"RV, SH",Stream,Spatial,,42.63,568.94,526.31,Yes,Yes,,,,In Progress. Carbon + Filtered on 4/3. Needs IS spike,,,,,,,,,,,,,,,,,,,,,,,,,,,,,,,,,,,,,,,,,,,,,
S3_27,Number 6 Rd,3/28/2026,1:41 PM,"RV, SH",Stream,Spatial,,42.29,557.16,514.87,Yes,Yes,,,,In Progress. Carbon + Filtered on 4/3. Needs IS spike,,,,,,,,,,,,,,,,,,,,,,,,,,,,,,,,,,,,,,,,,,,,,
S3_28,Leverett Library,3/28/2026,2:00 PM,"RV, SH",Stream,Spatial,,42.03,571.27,529.24,Yes,Yes,,,,In Progress. SPE'd on 3/30,,,,,,,,,,,,,,,,,,,,,,,,,,,,,,,,,,,,,,,,,,,,,
S3_29,Leverett Pond,3/28/2026,2:25 PM,"RV, SH",Stream,Spatial,,42.45,523.23,480.78,Yes,Yes,,,,In Progress. SPE'd on 3/30,,,,,,,,,,,,,,,,,,,,,,,,,,,,,,,,,,,,,,,,,,,,,
B3_S3,Blank,,,RV,MilliQ,Blank,SPE Blank for S3,42.3,547.5,505.2,Yes,Yes,,,,In Progress. SPE'd on 3/30,,,,,,,,,,,,,,,,,,,,,,,,,,,,,,,,,,,,,,,,,,,,,
S3_30,MR Montague Bridge,3/28/2026,2:42 PM,"RV, SH",Stream,Spatial,,42.09,520.73,478.64,Yes,Yes,,,,In Progress. SPE'd on 3/30,,,,,,,,,,,,,,,,,,,,,,,,,,,,,,,,,,,,,,,,,,,,,
S3_31,Lake Warner Trail,3/28/2026,3:17 PM,"RV, SH",Stream,Spatial,,42.09,550,507.91,Yes,Yes,,,,In Progress. SPE'd on 3/30,,,,,,,,,,,,,,,,,,,,,,,,,,,,,,,,,,,,,,,,,,,,,
S3_32,Prindle School,3/28/2026,3:38 PM,"RV, SH",Stream,Spatial,,42.23,571.56,529.33,Yes,Yes,,,,In Progress. SPE'd on 3/30,,,,,,,,,,,,,,,,,,,,,,,,,,,,,,,,,,,,,,,,,,,,,
,Wet Center,3/30/2026,4:10 PM,"JC,RV",Stream,Baseflow,"High 60s, all snow melted ",42.07,,,Yes,Yes,,,,,,,,,,,,,,,,,,,,,,,,,,,,,,,,,,,,,,,,,,,,,,,,,
,Wet Center,4/6/2026,8:08 AM,RV,Stream,Baseflow,,,,,,,,,,,,,,,,,,,,,,,,,,,,,,,,,,,,,,,,,,,,,,,,,,,,,,,
