DateTime,Precip (in)
10/9/2025 23:00,0
10/9/2025 23:15,0
10/9/2025 23:30,0
10/9/2025 23:45,0
10/10/2025 0:00,0
10/10/2025 0:15,0
10/10/2025 0:30,0
10/10/2025 0:45,0
10/10/2025 1:00,0
10/10/2025 1:15,0
10/10/2025 1:30,0
10/10/2025 1:45,0
10/10/2025 2:00,0
10/10/2025 2:15,0
10/10/2025 2:30,0
10/10/2025 2:45,0
10/10/2025 3:00,0
10/10/2025 3:15,0
10/10/2025 3:30,0
10/10/2025 3:45,0
10/10/2025 4:00,0
10/10/2025 4:15,0
10/10/2025 4:30,0
10/10/2025 4:45,0
10/10/2025 5:00,0
10/10/2025 5:15,0
10/10/2025 5:30,0
10/10/2025 5:45,0
10/10/2025 6:00,0
10/10/2025 6:15,0
10/10/2025 6:30,0
10/10/2025 6:45,0
10/10/2025 7:00,0
10/10/2025 7:15,0
10/10/2025 7:30,0
10/10/2025 7:45,0
10/10/2025 8:00,0
10/10/2025 8:15,0
10/10/2025 8:30,0
10/10/2025 8:45,0
10/10/2025 9:00,0
10/10/2025 9:15,0
10/10/2025 9:30,0
10/10/2025 9:45,0
10/10/2025 10:00,0
10/10/2025 10:15,0
10/10/2025 10:30,0
10/10/2025 10:45,0
10/10/2025 11:00,0
10/10/2025 11:15,0
10/10/2025 11:30,0
10/10/2025 11:45,0
10/10/2025 12:00,0
10/10/2025 12:15,0
10/10/2025 12:30,0
10/10/2025 12:45,0
10/10/2025 13:00,0
10/10/2025 13:15,0
10/10/2025 13:30,0
10/10/2025 13:45,0
10/10/2025 14:00,0
10/10/2025 14:15,0
10/10/2025 14:30,0
10/10/2025 14:45,0
10/10/2025 15:00,0
10/10/2025 15:15,0
10/10/2025 15:30,0
10/10/2025 15:45,0
10/10/2025 16:00,0
10/10/2025 16:15,0
10/10/2025 16:30,0
10/10/2025 16:45,0
10/10/2025 17:00,0
10/10/2025 17:15,0
10/10/2025 17:30,0
10/10/2025 17:45,0
10/10/2025 18:00,0
10/10/2025 18:15,0
10/10/2025 18:30,0
10/10/2025 18:45,0
10/10/2025 19:00,0
10/10/2025 19:15,0
10/10/2025 19:30,0
10/10/2025 19:45,0
10/10/2025 20:00,0
10/10/2025 20:15,0
10/10/2025 20:30,0
10/10/2025 20:45,0
10/10/2025 21:00,0
10/10/2025 21:15,0
10/10/2025 21:30,0
10/10/2025 21:45,0
10/10/2025 22:00,0
10/10/2025 22:15,0
10/10/2025 22:30,0
10/10/2025 22:45,0
10/10/2025 23:00,0
10/10/2025 23:15,0
10/10/2025 23:30,0
10/10/2025 23:45,0
10/11/2025 0:00,0
10/11/2025 0:15,0
10/11/2025 0:30,0
10/11/2025 0:45,0
10/11/2025 1:00,0
10/11/2025 1:15,0
10/11/2025 1:30,0
10/11/2025 1:45,0
10/11/2025 2:00,0
10/11/2025 2:15,0
10/11/2025 2:30,0
10/11/2025 2:45,0
10/11/2025 3:00,0
10/11/2025 3:15,0
10/11/2025 3:30,0
10/11/2025 3:45,0
10/11/2025 4:00,0
10/11/2025 4:15,0
10/11/2025 4:30,0
10/11/2025 4:45,0
10/11/2025 5:00,0
10/11/2025 5:15,0
10/11/2025 5:30,0
10/11/2025 5:45,0
10/11/2025 6:00,0
10/11/2025 6:15,0
10/11/2025 6:30,0
10/11/2025 6:45,0
10/11/2025 7:00,0
10/11/2025 7:15,0
10/11/2025 7:30,0
10/11/2025 7:45,0
10/11/2025 8:00,0
10/11/2025 8:15,0
10/11/2025 8:30,0
10/11/2025 8:45,0
10/11/2025 9:00,0
10/11/2025 9:15,0
10/11/2025 9:30,0
10/11/2025 9:45,0
10/11/2025 10:00,0
10/11/2025 10:15,0
10/11/2025 10:30,0
10/11/2025 10:45,0
10/11/2025 11:00,0
10/11/2025 11:15,0
10/11/2025 11:30,0
10/11/2025 11:45,0
10/11/2025 12:00,0
10/11/2025 12:15,0
10/11/2025 12:30,0
10/11/2025 12:45,0
10/11/2025 13:00,0
10/11/2025 13:15,0
10/11/2025 13:30,0
10/11/2025 13:45,0
10/11/2025 14:00,0
10/11/2025 14:15,0
10/11/2025 14:30,0
10/11/2025 14:45,0
10/11/2025 15:00,0
10/11/2025 15:15,0
10/11/2025 15:30,0
10/11/2025 15:45,0
10/11/2025 16:00,0
10/11/2025 16:15,0
10/11/2025 16:30,0
10/11/2025 16:45,0
10/11/2025 17:00,0
10/11/2025 17:15,0
10/11/2025 17:30,0
10/11/2025 17:45,0
10/11/2025 18:00,0
10/11/2025 18:15,0
10/11/2025 18:30,0
10/11/2025 18:45,0
10/11/2025 19:00,0
10/11/2025 19:15,0
10/11/2025 19:30,0
10/11/2025 19:45,0
10/11/2025 20:00,0
10/11/2025 20:15,0
10/11/2025 20:30,0
10/11/2025 20:45,0
10/11/2025 21:00,0
10/11/2025 21:15,0
10/11/2025 21:30,0
10/11/2025 21:45,0
10/11/2025 22:00,0
10/11/2025 22:15,0
10/11/2025 22:30,0
10/11/2025 22:45,0
10/11/2025 23:00,0
10/11/2025 23:15,0
10/11/2025 23:30,0
10/11/2025 23:45,0
10/12/2025 0:00,0
10/12/2025 0:15,0
10/12/2025 0:30,0
10/12/2025 0:45,0
10/12/2025 1:00,0
10/12/2025 1:15,0
10/12/2025 1:30,0
10/12/2025 1:45,0
10/12/2025 2:00,0
10/12/2025 2:15,0
10/12/2025 2:30,0
10/12/2025 2:45,0
10/12/2025 3:00,0
10/12/2025 3:15,0
10/12/2025 3:30,0
10/12/2025 3:45,0
10/12/2025 4:00,0
10/12/2025 4:15,0
10/12/2025 4:30,0
10/12/2025 4:45,0
10/12/2025 5:00,0
10/12/2025 5:15,0
10/12/2025 5:30,0
10/12/2025 5:45,0
10/12/2025 6:00,0
10/12/2025 6:15,0
10/12/2025 6:30,0
10/12/2025 6:45,0
10/12/2025 7:00,0.04
10/12/2025 7:15,0.04
10/12/2025 7:30,0.04
10/12/2025 7:45,0.04
10/12/2025 8:00,0
10/12/2025 8:15,0
10/12/2025 8:30,0
10/12/2025 8:45,0
10/12/2025 9:00,0
10/12/2025 9:15,0
10/12/2025 9:30,0
10/12/2025 9:45,0
10/12/2025 10:00,0
10/12/2025 10:15,0
10/12/2025 10:30,0
10/12/2025 10:45,0
10/12/2025 11:00,0
10/12/2025 11:15,0
10/12/2025 11:30,0
10/12/2025 11:45,0
10/12/2025 12:00,0.04
10/12/2025 12:15,0.04
10/12/2025 12:30,0.04
10/12/2025 12:45,0.04
10/12/2025 13:00,0
10/12/2025 13:15,0
10/12/2025 13:30,0
10/12/2025 13:45,0
10/12/2025 14:00,0
10/12/2025 14:15,0
10/12/2025 14:30,0
10/12/2025 14:45,0
10/12/2025 15:00,0
10/12/2025 15:15,0
10/12/2025 15:30,0
10/12/2025 15:45,0
10/12/2025 16:00,0.08
10/12/2025 16:15,0.08
10/12/2025 16:30,0.08
10/12/2025 16:45,0.08
10/12/2025 17:00,0.08
10/12/2025 17:15,0.08
10/12/2025 17:30,0.08
10/12/2025 17:45,0.08
10/12/2025 18:00,0.04
10/12/2025 18:15,0.04
10/12/2025 18:30,0.04
10/12/2025 18:45,0.04
10/12/2025 19:00,0.12
10/12/2025 19:15,0.12
10/12/2025 19:30,0.12
10/12/2025 19:45,0.12
10/12/2025 20:00,0.12
10/12/2025 20:15,0.12
10/12/2025 20:30,0.12
10/12/2025 20:45,0.12
10/12/2025 21:00,0.16
10/12/2025 21:15,0.16
10/12/2025 21:30,0.16
10/12/2025 21:45,0.16
10/12/2025 22:00,0.04
10/12/2025 22:15,0.04
10/12/2025 22:30,0.04
10/12/2025 22:45,0.04
10/12/2025 23:00,0.16
10/12/2025 23:15,0.16
10/12/2025 23:30,0.16
10/12/2025 23:45,0.16
10/13/2025 0:00,0.004
10/13/2025 0:15,0.004
10/13/2025 0:30,0.004
10/13/2025 0:45,0.004
10/13/2025 1:00,0.04
10/13/2025 1:15,0.04
10/13/2025 1:30,0.04
10/13/2025 1:45,0.04
10/13/2025 2:00,0
10/13/2025 2:15,0
10/13/2025 2:30,0
10/13/2025 2:45,0
10/13/2025 3:00,0
10/13/2025 3:15,0
10/13/2025 3:30,0
10/13/2025 3:45,0
10/13/2025 4:00,0
10/13/2025 4:15,0
10/13/2025 4:30,0
10/13/2025 4:45,0
10/13/2025 5:00,0
10/13/2025 5:15,0
10/13/2025 5:30,0
10/13/2025 5:45,0
10/13/2025 6:00,0.008
10/13/2025 6:15,0.008
10/13/2025 6:30,0.008
10/13/2025 6:45,0.008
10/13/2025 7:00,0.008
10/13/2025 7:15,0.008
10/13/2025 7:30,0.008
10/13/2025 7:45,0.008
10/13/2025 8:00,0.008
10/13/2025 8:15,0.008
10/13/2025 8:30,0.008
10/13/2025 8:45,0.008
10/13/2025 9:00,0
10/13/2025 9:15,0
10/13/2025 9:30,0
10/13/2025 9:45,0
10/13/2025 10:00,0
10/13/2025 10:15,0
10/13/2025 10:30,0
10/13/2025 10:45,0
10/13/2025 11:00,0
10/13/2025 11:15,0
10/13/2025 11:30,0
10/13/2025 11:45,0
10/13/2025 12:00,0
10/13/2025 12:15,0
10/13/2025 12:30,0
10/13/2025 12:45,0
10/13/2025 13:00,0
10/13/2025 13:15,0
10/13/2025 13:30,0
10/13/2025 13:45,0
10/13/2025 14:00,0
10/13/2025 14:15,0
10/13/2025 14:30,0
10/13/2025 14:45,0
10/13/2025 15:00,0
10/13/2025 15:15,0
10/13/2025 15:30,0
10/13/2025 15:45,0
10/13/2025 16:00,0
10/13/2025 16:15,0
10/13/2025 16:30,0
10/13/2025 16:45,0
10/13/2025 17:00,0
10/13/2025 17:15,0
10/13/2025 17:30,0
10/13/2025 17:45,0
10/13/2025 18:00,0
10/13/2025 18:15,0
10/13/2025 18:30,0
10/13/2025 18:45,0
10/13/2025 19:00,0
10/13/2025 19:15,0
10/13/2025 19:30,0
10/13/2025 19:45,0
10/13/2025 20:00,0
10/13/2025 20:15,0
10/13/2025 20:30,0
10/13/2025 20:45,0
10/13/2025 21:00,0
10/13/2025 21:15,0
10/13/2025 21:30,0
10/13/2025 21:45,0
10/13/2025 22:00,0
10/13/2025 22:15,0
10/13/2025 22:30,0
10/13/2025 22:45,0
10/13/2025 23:00,0
10/13/2025 23:15,0
10/13/2025 23:30,0
10/13/2025 23:45,0
10/14/2025 0:00,0
10/14/2025 0:15,0
10/14/2025 0:30,0
10/14/2025 0:45,0
10/14/2025 1:00,0
10/14/2025 1:15,0
10/14/2025 1:30,0
10/14/2025 1:45,0
10/14/2025 2:00,0
10/14/2025 2:15,0
10/14/2025 2:30,0
10/14/2025 2:45,0
10/14/2025 3:00,0
10/14/2025 3:15,0
10/14/2025 3:30,0
10/14/2025 3:45,0
10/14/2025 4:00,0
10/14/2025 4:15,0
10/14/2025 4:30,0
10/14/2025 4:45,0
10/14/2025 5:00,0
10/14/2025 5:15,0
10/14/2025 5:30,0
10/14/2025 5:45,0
10/14/2025 6:00,0
10/14/2025 6:15,0
10/14/2025 6:30,0
10/14/2025 6:45,0
10/14/2025 7:00,0
10/14/2025 7:15,0
10/14/2025 7:30,0
10/14/2025 7:45,0
10/14/2025 8:00,0
10/14/2025 8:15,0
10/14/2025 8:30,0
10/14/2025 8:45,0
10/14/2025 9:00,0
10/14/2025 9:15,0
10/14/2025 9:30,0
10/14/2025 9:45,0
10/14/2025 10:00,0
10/14/2025 10:15,0
10/14/2025 10:30,0
10/14/2025 10:45,0
10/14/2025 11:00,0
10/14/2025 11:15,0
10/14/2025 11:30,0
10/14/2025 11:45,0
10/14/2025 12:00,0
10/14/2025 12:15,0
10/14/2025 12:30,0
10/14/2025 12:45,0
10/14/2025 13:00,0
10/14/2025 13:15,0
10/14/2025 13:30,0
10/14/2025 13:45,0
10/14/2025 14:00,0
10/14/2025 14:15,0
10/14/2025 14:30,0
10/14/2025 14:45,0
10/14/2025 15:00,0
10/14/2025 15:15,0
10/14/2025 15:30,0
10/14/2025 15:45,0
10/14/2025 16:00,0
10/14/2025 16:15,0
10/14/2025 16:30,0
10/14/2025 16:45,0
10/14/2025 17:00,0
10/14/2025 17:15,0
10/14/2025 17:30,0
10/14/2025 17:45,0
10/14/2025 18:00,0
10/14/2025 18:15,0
10/14/2025 18:30,0
10/14/2025 18:45,0
10/14/2025 19:00,0
10/14/2025 19:15,0
10/14/2025 19:30,0
10/14/2025 19:45,0
10/14/2025 20:00,0
10/14/2025 20:15,0
10/14/2025 20:30,0
10/14/2025 20:45,0
10/14/2025 21:00,0
10/14/2025 21:15,0
10/14/2025 21:30,0
10/14/2025 21:45,0
10/14/2025 22:00,0
10/14/2025 22:15,0
10/14/2025 22:30,0
10/14/2025 22:45,0
10/14/2025 23:00,0
10/14/2025 23:15,0
10/14/2025 23:30,0
10/14/2025 23:45,0
10/15/2025 0:00,0
10/15/2025 0:15,0
10/15/2025 0:30,0
10/15/2025 0:45,0
10/15/2025 1:00,0
10/15/2025 1:15,0
10/15/2025 1:30,0
10/15/2025 1:45,0
10/15/2025 2:00,0
10/15/2025 2:15,0
10/15/2025 2:30,0
10/15/2025 2:45,0
10/15/2025 3:00,0
10/15/2025 3:15,0
10/15/2025 3:30,0
10/15/2025 3:45,0
10/15/2025 4:00,0
10/15/2025 4:15,0
10/15/2025 4:30,0
10/15/2025 4:45,0
10/15/2025 5:00,0
10/15/2025 5:15,0
10/15/2025 5:30,0
10/15/2025 5:45,0
10/15/2025 6:00,0
10/15/2025 6:15,0
10/15/2025 6:30,0
10/15/2025 6:45,0
10/15/2025 7:00,0
10/15/2025 7:15,0
10/15/2025 7:30,0
10/15/2025 7:45,0
10/15/2025 8:00,0
10/15/2025 8:15,0
10/15/2025 8:30,0
10/15/2025 8:45,0
10/15/2025 9:00,0
10/15/2025 9:15,0
10/15/2025 9:30,0
10/15/2025 9:45,0
10/15/2025 10:00,0
10/15/2025 10:15,0
10/15/2025 10:30,0
10/15/2025 10:45,0
10/15/2025 11:00,0
10/15/2025 11:15,0
10/15/2025 11:30,0
10/15/2025 11:45,0
10/15/2025 12:00,0
10/15/2025 12:15,0
10/15/2025 12:30,0
10/15/2025 12:45,0
10/15/2025 13:00,0
10/15/2025 13:15,0
10/15/2025 13:30,0
10/15/2025 13:45,0
10/15/2025 14:00,0
10/15/2025 14:15,0
10/15/2025 14:30,0
10/15/2025 14:45,0
10/15/2025 15:00,0
10/15/2025 15:15,0
10/15/2025 15:30,0
10/15/2025 15:45,0
10/15/2025 16:00,0
10/15/2025 16:15,0
10/15/2025 16:30,0
10/15/2025 16:45,0
10/15/2025 17:00,0
10/15/2025 17:15,0
10/15/2025 17:30,0
10/15/2025 17:45,0
10/15/2025 18:00,0
10/15/2025 18:15,0
10/15/2025 18:30,0
10/15/2025 18:45,0
10/15/2025 19:00,0
10/15/2025 19:15,0
10/15/2025 19:30,0
10/15/2025 19:45,0
10/15/2025 20:00,0
10/15/2025 20:15,0
10/15/2025 20:30,0
10/15/2025 20:45,0
10/15/2025 21:00,0
10/15/2025 21:15,0
10/15/2025 21:30,0
10/15/2025 21:45,0
10/15/2025 22:00,0
10/15/2025 22:15,0
10/15/2025 22:30,0
10/15/2025 22:45,0
10/15/2025 23:00,0
10/15/2025 23:15,0
10/15/2025 23:30,0
10/15/2025 23:45,0
10/16/2025 0:00,0
10/16/2025 0:15,0
10/16/2025 0:30,0
10/16/2025 0:45,0
10/16/2025 1:00,0
10/16/2025 1:15,0
10/16/2025 1:30,0
10/16/2025 1:45,0
10/16/2025 2:00,0
10/16/2025 2:15,0
10/16/2025 2:30,0
10/16/2025 2:45,0
10/16/2025 3:00,0
10/16/2025 3:15,0
10/16/2025 3:30,0
10/16/2025 3:45,0
10/16/2025 4:00,0
10/16/2025 4:15,0
10/16/2025 4:30,0
10/16/2025 4:45,0
10/16/2025 5:00,0
10/16/2025 5:15,0
10/16/2025 5:30,0
10/16/2025 5:45,0
10/16/2025 6:00,0
10/16/2025 6:15,0
10/16/2025 6:30,0
10/16/2025 6:45,0
10/16/2025 7:00,0
10/16/2025 7:15,0
10/16/2025 7:30,0
10/16/2025 7:45,0
10/16/2025 8:00,0
10/16/2025 8:15,0
10/16/2025 8:30,0
10/16/2025 8:45,0
10/16/2025 9:00,0
10/16/2025 9:15,0
10/16/2025 9:45,0
10/16/2025 10:00,0
10/16/2025 10:15,0
10/16/2025 10:30,0
10/16/2025 10:45,0
10/16/2025 11:00,0
10/16/2025 11:15,0
10/16/2025 11:30,0
10/16/2025 11:45,0
10/16/2025 12:00,0
10/16/2025 12:15,0
10/16/2025 12:30,0
10/16/2025 12:45,0
10/16/2025 13:00,0
10/16/2025 13:15,0
10/16/2025 13:30,0
10/16/2025 13:45,0
10/16/2025 14:00,0
10/16/2025 14:15,0
10/16/2025 14:30,0
10/16/2025 14:45,0
10/16/2025 15:00,0
10/16/2025 15:15,0
10/16/2025 15:30,0
10/16/2025 15:45,0
10/16/2025 16:00,0
10/16/2025 16:15,0
10/16/2025 16:30,0
10/16/2025 16:45,0
10/16/2025 17:00,0
10/16/2025 17:15,0
10/16/2025 17:30,0
10/16/2025 17:45,0
10/16/2025 18:00,0
10/16/2025 18:15,0
10/16/2025 18:30,0
10/16/2025 18:45,0
10/16/2025 19:00,0
10/16/2025 19:15,0
10/16/2025 19:30,0
10/16/2025 19:45,0
10/16/2025 20:00,0
10/16/2025 20:15,0
10/16/2025 20:30,0
10/16/2025 20:45,0
10/16/2025 21:00,0
10/16/2025 21:15,0
10/16/2025 21:30,0
10/16/2025 21:45,0
10/16/2025 22:00,0
10/16/2025 22:15,0
10/16/2025 22:30,0
10/16/2025 22:45,0
10/16/2025 23:00,0
10/16/2025 23:15,0
10/16/2025 23:30,0
10/16/2025 23:45,0
10/17/2025 0:00,0
10/17/2025 0:15,0
10/17/2025 0:30,0
10/17/2025 0:45,0
10/17/2025 1:00,0
10/17/2025 1:15,0
10/17/2025 1:30,0
10/17/2025 1:45,0
10/17/2025 2:00,0
10/17/2025 2:15,0
10/17/2025 2:30,0
10/17/2025 2:45,0
10/17/2025 3:00,0
10/17/2025 3:15,0
10/17/2025 3:30,0
10/17/2025 3:45,0
10/17/2025 4:00,0
10/17/2025 4:15,0
10/17/2025 4:30,0
10/17/2025 4:45,0
10/17/2025 5:00,0
10/17/2025 5:15,0
10/17/2025 5:30,0
10/17/2025 5:45,0
10/17/2025 6:00,0
10/17/2025 6:15,0
10/17/2025 6:30,0
10/17/2025 6:45,0
10/17/2025 7:00,0
10/17/2025 7:15,0
10/17/2025 7:30,0
10/17/2025 7:45,0
10/17/2025 8:00,0
10/17/2025 8:15,0
10/17/2025 8:30,0
10/17/2025 8:45,0
10/17/2025 9:00,0
10/17/2025 9:15,0
10/17/2025 9:30,0
10/17/2025 9:45,0
10/17/2025 10:00,0
10/17/2025 10:15,0
10/17/2025 10:30,0
10/17/2025 10:45,0
10/17/2025 11:00,0
10/17/2025 11:15,0
10/17/2025 11:30,0
10/17/2025 11:45,0
10/17/2025 12:00,0
10/17/2025 12:15,0
10/17/2025 12:30,0
10/17/2025 12:45,0
10/17/2025 13:00,0
10/17/2025 13:15,0
10/17/2025 13:30,0
10/17/2025 13:45,0
10/17/2025 14:00,0
10/17/2025 14:15,0
10/17/2025 14:30,0
10/17/2025 14:45,0
10/17/2025 15:00,0
10/17/2025 15:15,0
10/17/2025 15:30,0
10/17/2025 15:45,0
10/17/2025 16:00,0
10/17/2025 16:15,0
10/17/2025 16:30,0
10/17/2025 16:45,0
10/17/2025 17:00,0
10/17/2025 17:15,0
10/17/2025 17:30,0
10/17/2025 17:45,0
10/17/2025 18:00,0
10/17/2025 18:15,0
10/17/2025 18:30,0
10/17/2025 18:45,0
10/17/2025 19:00,0
10/17/2025 19:15,0
10/17/2025 19:30,0
10/17/2025 19:45,0
10/17/2025 20:00,0
10/17/2025 20:15,0
10/17/2025 20:30,0
10/17/2025 20:45,0
10/17/2025 21:00,0
10/17/2025 21:15,0
10/17/2025 21:30,0
10/17/2025 21:45,0
10/17/2025 22:00,0
10/17/2025 22:15,0
10/17/2025 22:30,0
10/17/2025 22:45,0
10/17/2025 23:00,0
10/17/2025 23:15,0
10/17/2025 23:30,0
10/17/2025 23:45,0
10/18/2025 0:00,0
10/18/2025 0:15,0
10/18/2025 0:30,0
10/18/2025 0:45,0
10/18/2025 1:00,0
10/18/2025 1:15,0
10/18/2025 1:30,0
10/18/2025 1:45,0
10/18/2025 2:00,0
10/18/2025 2:15,0
10/18/2025 2:30,0
10/18/2025 2:45,0
10/18/2025 3:00,0
10/18/2025 3:15,0
10/18/2025 3:30,0
10/18/2025 3:45,0
10/18/2025 4:00,0
10/18/2025 4:15,0
10/18/2025 4:30,0
10/18/2025 4:45,0
10/18/2025 5:00,0
10/18/2025 5:15,0
10/18/2025 5:30,0
10/18/2025 5:45,0
10/18/2025 6:00,0
10/18/2025 6:15,0
10/18/2025 6:30,0
10/18/2025 6:45,0
10/18/2025 7:00,0
10/18/2025 7:15,0
10/18/2025 7:30,0
10/18/2025 7:45,0
10/18/2025 8:00,0
10/18/2025 8:15,0
10/18/2025 8:30,0
10/18/2025 8:45,0
10/18/2025 9:00,0
10/18/2025 9:15,0
10/18/2025 9:30,0
10/18/2025 9:45,0
10/18/2025 10:00,0
10/18/2025 10:15,0
10/18/2025 10:30,0
10/18/2025 10:45,0
10/18/2025 11:00,0
10/18/2025 11:15,0
10/18/2025 11:30,0
10/18/2025 11:45,0
10/18/2025 12:00,0
10/18/2025 12:15,0
10/18/2025 12:30,0
10/18/2025 12:45,0
10/18/2025 13:00,0
10/18/2025 13:15,0
10/18/2025 13:30,0
10/18/2025 13:45,0
10/18/2025 14:00,0
10/18/2025 14:15,0
10/18/2025 14:30,0
10/18/2025 14:45,0
10/18/2025 15:00,0
10/18/2025 15:15,0
10/18/2025 15:30,0
10/18/2025 15:45,0
10/18/2025 16:00,0
10/18/2025 16:15,0
10/18/2025 16:30,0
10/18/2025 16:45,0
10/18/2025 17:00,0
10/18/2025 17:15,0
10/18/2025 17:30,0
10/18/2025 17:45,0
10/18/2025 18:00,0
10/18/2025 18:15,0
10/18/2025 18:30,0
10/18/2025 18:45,0
10/18/2025 19:00,0
10/18/2025 19:15,0
10/18/2025 19:30,0
10/18/2025 19:45,0
10/18/2025 20:00,0
10/18/2025 20:15,0
10/18/2025 20:30,0
10/18/2025 20:45,0
10/18/2025 21:00,0
10/18/2025 21:15,0
10/18/2025 21:30,0
10/18/2025 21:45,0
10/18/2025 22:00,0
10/18/2025 22:15,0
10/18/2025 22:30,0
10/18/2025 22:45,0
10/18/2025 23:00,0
10/18/2025 23:15,0
10/18/2025 23:30,0
10/18/2025 23:45,0
10/19/2025 0:00,0
10/19/2025 0:15,0
10/19/2025 0:30,0
10/19/2025 0:45,0
10/19/2025 1:00,0
10/19/2025 1:15,0
10/19/2025 1:30,0
10/19/2025 1:45,0
10/19/2025 2:00,0
10/19/2025 2:15,0
10/19/2025 2:30,0
10/19/2025 2:45,0
10/19/2025 3:00,0
10/19/2025 3:15,0
10/19/2025 3:30,0
10/19/2025 3:45,0
10/19/2025 4:00,0
10/19/2025 4:15,0
10/19/2025 4:30,0
10/19/2025 4:45,0
10/19/2025 5:00,0
10/19/2025 5:15,0
10/19/2025 5:30,0
10/19/2025 5:45,0
10/19/2025 6:00,0
10/19/2025 6:15,0
10/19/2025 6:30,0
10/19/2025 6:45,0
10/19/2025 7:00,0
10/19/2025 7:15,0
10/19/2025 7:30,0
10/19/2025 7:45,0
10/19/2025 8:00,0
10/19/2025 8:15,0
10/19/2025 8:30,0
10/19/2025 8:45,0
10/19/2025 9:00,0
10/19/2025 9:15,0
10/19/2025 9:30,0
10/19/2025 9:45,0
10/19/2025 10:00,0
10/19/2025 10:15,0
10/19/2025 10:30,0
10/19/2025 10:45,0
10/19/2025 11:00,0
10/19/2025 11:15,0
10/19/2025 11:30,0
10/19/2025 11:45,0
10/19/2025 12:00,0
10/19/2025 12:15,0
10/19/2025 12:30,0
10/19/2025 12:45,0
10/19/2025 13:00,0
10/19/2025 13:15,0
10/19/2025 13:30,0
10/19/2025 13:45,0
10/19/2025 14:00,0
10/19/2025 14:15,0
10/19/2025 14:30,0
10/19/2025 14:45,0
10/19/2025 15:00,0
10/19/2025 15:15,0
10/19/2025 15:30,0
10/19/2025 15:45,0
10/19/2025 16:00,0
10/19/2025 16:15,0
10/19/2025 16:30,0
10/19/2025 16:45,0
10/19/2025 17:00,0
10/19/2025 17:15,0
10/19/2025 17:30,0
10/19/2025 17:45,0
10/19/2025 18:00,0
10/19/2025 18:15,0
10/19/2025 18:30,0
10/19/2025 18:45,0
10/19/2025 19:00,0
10/19/2025 19:15,0
10/19/2025 19:30,0
10/19/2025 19:45,0
10/19/2025 20:00,0
10/19/2025 20:15,0
10/19/2025 20:30,0
10/19/2025 20:45,0
10/19/2025 21:00,0
10/19/2025 21:15,0
10/19/2025 21:30,0
10/19/2025 21:45,0
10/19/2025 22:00,0
10/19/2025 22:15,0
10/19/2025 22:30,0
10/19/2025 22:45,0
10/19/2025 23:00,0
10/19/2025 23:15,0
10/19/2025 23:30,0
10/19/2025 23:45,0
10/20/2025 0:00,0
10/20/2025 0:15,0
,
,
,
,
,
,
,
,
,
,
,
,
,
,
,
,
,
,
,
,
,
,
,
,
,
,
,
,
,
,
,
,
,
,
,
,
,
,
,
,
,
,
,
,
,
,
,
,
,
,
,
,
,
,
,
,
,
,
,
,
,
,
,
,
,
,
,
,
,
,
,
,
,
,
,
,
,
,
,
,
,
,
,
,
,
,
,
,
,
,
,
,
,
,
,
,
,
,
,
,
,
,
,
,
,
,
,
,
,
,
,
,
,
,
,
,
,
,
,
,
,
,
,
,
,
,
,
,
,
,
,
,
,
,
,
,
,
,
,
,
,
,
,
,
,
,
,
,
,
,
,
,
,
,
,
,
,
,
,
,
,
,
,
,
,
,
,
,
,
,
,
,
,
,
,
,
,
,
,
,
,
,
,
,
,
,
,
,
,
,
,
,
,
,
,
,
,
,
,
,
,
,
,
,
,
,
,
,
,
,
,
,
,
,
,
,
,
,
,
,
,
,
,
,
,
,
,
,
,
,
,
,
,
,
,
,
,
,
,
,
,
,
,
,
,
,
,
,
,
,
,
,
,
,
,
,
,
,
,
,
,
,
,
,
,
,
,
,
,
,
,
,
,
,
,
,
,
,
,
,
,
,
,
,
,
,
,
,
,
,
,
,
,
,
,
,
,
,
,
,
,
,
,
,
,
,
,
,
,
,
,
,
,
,
,
,
,
,
,
,
,
,
,
,
,
,
,
,
,
,
,
,
,
,
,
,
,
,
,
,
,
,
,
,
,
,
,
,
,
,
,
,
,
,
,
,
,
,
,
,
,
,
,
,
,
,
,
,
,
,
,
,
,
,
,
,
,
,
,
,
,
,
,
,
,
,
,
,
,
,
,
,
,
,
,
,
,
,
,
,
,
,
,
,
,
,
,
,
,
,
,
,
,
,
,
,
,
,
,
,
,
,
,
,
,
,
,
,
,
,
,
,
,
,
,
,
,
,
,
,
,
,
,
,
,
,
,
,
,
,
,
,
,
,
,
,
,
,
,
,
,
,
,
,
,
,
,
,
,
,
,
,
,
,
,
,
,
,
,
,
,
,
,
,
,
,
,
,
,
,
,
,
,
,
,
,
,
,
,
,
,
,
,
,
,
,
,
,
,
,
,
,
,
,
,
,
,
,
,
,
,
,
,
,
,
,
,
,
,
,
,
,
,
,
,
,
,
,
,
,
,
,
,
,
,
,
,
,
,
,
,
,
,
,
,
,
,
,
,
,
,
,
,
,
,
,
,
,
,
,
,
,
,
,
,
,
,
,
,
,
,
,
,
,
,
,
,
,
,
,
,
,
,
,
,
,
,
,
,
,
,
,
,
,
,
,
,
,
,
,
,
,
,
,
,
,
,
,
,
,
,
,
,
,
,
,
,
,
,
,
,
,
,
,
,
,
,
,
,
,
,
,
,
,
,
,
,
,
,
,
,
,
,
,
,
,
,
,
,
,
,
,
,
,
,
,
,
,
,
,
,
,
