Sampling_Event,Sample_Name,Site_Name,Date,Time,Lat,Long,11Cl-PF3OUdS Results,3-3 FTCA Results,4:2FTS Results,5-3 FTCA Results,6:2FTS Results,7-3 FTCA Results,8:2FTS Results,9Cl-PF3ONS Results,ADONA Results,HFPO-DA Results,NEtFOSA Results,NEtFOSAA Results,NEtFOSE Results,NFDHA Results,NMeFOSA Results,NMeFOSAA Results,NMeFOSE Results,PFBA Results,PFBS Results,PFDA Results,PFDoA Results,PFDoS Results,PFDS Results,PFEESA Results,PFHpA Results,PFHpS Results,PFHxA Results,PFHxS Results,PFMBA Results,PFMPA Results,PFNA Results,PFNS Results,PFOA Results,PFOS Results,PFOSA Results,PFPeA Results,PFPeS Results,PFTeDA Results,PFTrDA Results,PFUnA Results
S1,S1_1,Wet Center,10/11/2025,8:53 AM,42.38820223,-72.53929542,0.013,0.017,0.149,0.798,2.309,0.142,0.02,0.01,0.003,0.068,0.172,0.131,0.206,0.068,0.164,0.1,0.193,2.544,1.628,0.095,0.095,0.002,0.01,0.006,2.118,0.093,4.88,1.081,0.008,0.01,1.047,0.015,4.664,2.09,0.321,4.335,0.157,0.036,0.045,0.019
S1,S1_2,MR Rec Area Picnic Table,10/11/2025,9:55 AM,42.41174901,-72.52841008,0.004,0.115,0.032,0.176,0.03,0.214,0.015,0.013,0.002,0.024,0.188,0.15,0.203,0.043,0.161,0.09,0.208,0.068,1.117,0.042,0.087,0.049,0.008,0.001,0.472,0.026,0.604,0.661,0.03,0.011,0.672,0.021,1.652,1.286,0.333,0.505,0.053,0.031,0.016,0.018
S1,S1_3,Puffers Waterfall,10/11/2025,10:38 AM,42.41571,-72.51936,0.008,0.071,0.033,0,0.015,0.111,0.021,0.007,0.004,0.1,0.241,0.122,0.195,0.061,0.192,0.135,0.218,0.097,0.576,0.011,0.045,0.008,0.016,0.022,0.57,0.046,0.584,0.492,0.009,0.007,0.711,0.009,1.443,1.079,0.541,0.487,0.065,0.021,0.027,0.053
S1,S1_4,Puffers Beach,10/11/2025,10:46 AM,42.41607,-72.51742,0.009,0.074,0.076,0.313,0.012,0.211,0,0.021,0.002,0.04,0.229,0.136,0.257,0.08,0.205,0.101,0.226,0.61,0.559,0.064,0.054,0,0,0.008,0.342,0.057,0.435,0.432,0.001,0.015,0.696,0.028,1.327,0.776,0.259,0.276,0.031,0.06,0.035,0.01
S1,S1_5,Upper Puffers Railroad,10/11/2025,10:59 AM,42.41676691,-72.50990743,0.009,0.09,0.061,0.425,0.019,0.375,0.069,0.006,0.003,0.035,0.356,0.133,0.3,0.058,0.233,0.106,0.261,0.124,0.348,0.029,0.106,0,0,0.009,0.233,0.022,0.337,0.442,0.004,0,0.791,0.016,1.591,0.926,0.303,0.317,0.037,0.053,0.077,0.009
S1,S1_6,Haskin Meadows (fishing spot),10/11/2025,11:57 AM,42.42912158,-72.49457164,0.002,0.041,0.034,0.141,0.038,0.264,0.048,0.018,0.003,0.048,0.209,0.15,0.216,0.046,0.182,0.124,0.234,0.574,0.364,0.044,0.076,0,0.003,0.002,0.338,0.019,0.345,0.554,0.003,0.016,0.556,0,1.503,0.803,0.371,0.311,0.066,0.024,0.004,0.016
S1,S1_7,Atkins Reservoir,10/11/2025,12:19 PM,42.41998532,-72.48228751,0,0.054,0.022,0.436,0.103,0.154,0.026,0.005,0.004,0.121,0.127,0.11,0.223,0.073,0.174,0.379,0.215,0.654,0.187,0.177,0.705,0.022,0.124,0.003,0.356,0.011,0.373,0.353,0.003,0.004,0.415,0.024,1.148,1.142,1.115,0.404,0.02,0.074,0.372,1.582
S1,S1_8,Roaring,10/11/2025,12:18 PM,42.43856274,-72.48246791,0,0.113,0.05,0.125,0.062,0.518,0.007,0.009,0.008,0.027,0.142,0.125,0.19,0.057,0.179,0.27,0.171,0.428,0.198,0.011,0.008,0.006,0.008,0.004,0.165,0.013,0.273,0.409,0.008,0.008,0.31,0.01,0.808,0.738,0.15,0.28,0.026,0.014,0.03,0.028
S1,S1_9,Broad Hil,10/11/2025,12:36 PM,42.44938891,-72.46629085,0.007,0.05,0.022,0.288,0.067,0.74,0.011,0.004,0.002,0.017,0.218,0.162,0.262,0.063,0.207,0.473,0.26,0.518,0.167,0.017,0.018,0.007,0.005,0.005,0.187,0.022,0.295,0.333,0.004,0.006,0.376,0.019,1.123,0.735,0.144,0.399,0.047,0.017,0.012,0.009
S1,S1_10,Shutesbury Cemetary,10/11/2025,12:48 PM,42.45460709,-72.4272845,0.001,0.061,0.031,0.666,0.058,0.607,0.022,0.005,0.006,0.07,0.187,0.152,0.271,0.044,0.204,0.399,0.23,0.254,0.486,0.178,0.022,0.001,0.021,0.004,0.6,0.053,0.728,0.521,0.007,0.011,0.592,0,2.294,1.575,0.891,1.195,0.056,0.017,0.011,0.057
S1,S1_11,Doolittle,10/11/2025,1:10 PM,42.45111406,-72.49303401,0.009,0,0.047,0.585,0.043,0.253,0.018,0.001,0.004,0.044,0.137,0.122,0.179,0.047,0.141,0.306,0.142,1.502,0.686,0.09,0.056,0,0.01,0.001,0.522,0.004,1.463,0.442,0.016,0.014,0.674,0.008,1.93,1.518,0.3,1.518,0.063,0.009,0.032,0.063
S1,S1_12,Leverett Library,10/11/2025,1:22 PM,42.46187717,-72.49582683,0.001,0.067,0.046,0.166,0.014,0.277,0.035,0.003,0.004,0.037,0.08,0.137,0.134,0.083,0.107,0.386,0.133,0.713,0.439,0.018,0.018,0.005,0.013,0.005,0.429,0.008,1.128,0.316,0.006,0.006,0.44,0.007,1.35,1.298,0.204,1.107,0.041,0.013,0.011,0.033
S1,S1_13,Leverett Pond,10/11/2025,1:44 PM,42.46262232,-72.50511282,0.003,0.063,0.028,0.5,0.021,0.188,0.012,0.004,0.008,0.102,0.185,0.129,0.247,0.075,0.197,0.28,0.22,2.216,1.085,0.14,0.043,0.016,0.056,0.003,1.367,0.133,1.201,0.947,0.008,0.012,0.652,0.01,3.52,2.076,0.432,1.41,0.124,0.007,0.022,0.128
S1,S1_14,Eastman Up,10/11/2025,1:55 PM,42.41935248,-72.5255505,0,0,0.103,0.187,0.042,0.366,0.041,0.001,0.002,0.065,0.184,0.121,0.261,0.074,0.2,0.38,0.224,0.732,0.52,0.032,0.01,0.007,0.002,0.01,0.229,0.014,0.19,0.452,0.012,0.004,0.341,0.007,0.869,0.919,0.794,0.238,0.081,0.009,0.007,0.021
S1,S1_15,LW Boat Ramp,10/11/2025,2:27 PM,42.3858318,-72.58095566,0.003,0.385,0.063,0.346,0.109,0.629,0.012,0,0.004,0.051,0.146,0.151,0.187,0.05,0.133,0.39,0.148,3.529,2.813,0.098,0.02,0.005,0.025,0.009,3.664,0.055,7.533,0.74,0.011,0.007,0.665,0.011,8.582,1.853,0.324,6.6,0.109,0.013,0.02,0.028
S1,S1_16,Campus Plaza Road,10/11/2025,2:51 PM,42.36442722,-72.54042208,0.005,2.852,0.06,0.268,0.067,0.365,0.032,0.006,0.006,0.132,0.248,0.323,0.376,0.052,0.223,0.235,0.315,6.603,13.566,0.479,0.046,0.007,0.062,0.011,1.524,0.435,3.282,2.914,0.13,0.039,1.846,0.112,5.068,5.155,1.513,4.374,0.391,0.027,0.031,0.089
S1,S1_17,Horse Farm Down,10/11/2025,3:07 PM,42.37361475,-72.53945167,0.004,0.183,0.041,0.652,0.025,0.513,0.031,0.013,0.002,0.112,0.197,0.09,0.23,0.056,0.161,0.23,0.189,3.878,12.842,0.232,0.029,0.001,0.035,0.026,1.132,0.204,2.786,1.334,0.019,0.009,0.71,0.005,2.999,2.422,1.785,2.949,0.127,0.014,0.015,0.13
S3,R_M26,Roaring,3/28/2026,10:37 AM,42.43856274,-72.48246791,0,0.04,0,0.11,0.05,0.15,0,0,0,0.04,0.4,0.16,0.45,0.08,0.3,0.41,0.44,0.19,0.16,0.03,0.03,0.03,0.01,0.01,0.1,0.01,0.22,0.35,0.01,0.01,0.44,0.02,0.63,0.73,0.02,0.24,0.03,0.01,0.07,0.01
S3,D_M26,Doolittle,3/28/2026,10:56 AM,42.45111406,-72.49303401,0,0.1,0,0.25,0.04,0.46,0.01,0.01,0,0.02,0.32,0.14,0.37,0.08,0.24,0.4,0.27,0.55,0.47,0.16,0.04,0.03,0.01,0,0.39,0.02,0.53,0.38,0,0.01,0.47,0.01,1.13,1.16,0.05,0.51,0.03,0.02,0.03,0.14
S3,EU_M26,Eastman Up,3/28/2026,11:26 AM,42.41935248,-72.5255505,0,0.06,0,0.19,0.08,0,0.02,0,0.02,0.13,0.27,0.12,0.3,0.07,0.17,0.28,0.26,0.95,0.48,0.05,0.01,0,0.02,0,0.27,0.03,0.36,0.38,0.01,0.01,0.44,0.02,0.99,0.93,0.04,0.29,0.03,0.04,0.03,0.04
S3,ED_M26,Eastman Down,3/28/2026,11:53 AM,42.40819679,-72.53988502,0,0.01,0,0.26,0.1,0.5,0.04,0.01,0.01,0.06,0.21,0.08,0.25,0.09,0.19,0.26,0.23,0.65,0.62,0.08,0.02,0,0.01,0.02,0.47,0.06,0.77,0.36,0,0.01,0.43,0.01,1.73,1.14,0.07,0.69,0.03,0.01,0.03,0.02
S3,MS_M26,Mill Site,3/28/2026,12:45 PM,42.3864,-72.55032,0,0.01,0,0.26,2.86,0.17,0.07,0,0,0.07,0.33,0.06,0.32,0.12,0.16,0.35,0.23,1.26,1.14,0.09,0.03,0.01,0.01,0,0.81,0,2.08,0.6,0.01,0,0.51,0,2.53,1.28,0.05,1.89,0.06,0.04,0.01,0.02
S3,K_M26,Knightly,3/28/2026,12:24 PM,42.39519696,-72.56118766,0,0.03,0,0.5,0.08,0.52,0.01,0.01,0.01,0.14,0.34,0.18,0.4,0.04,0.24,0.35,0.32,52.79,24.39,0.32,0.05,0.01,0.01,0.01,88.68,0.08,167.21,1.61,0.01,0.02,2.67,0.08,217.14,1.78,0.05,146.7,0.35,0.03,0.01,0.03
S3,LW_M26,Lake Warner Outlet,3/28/2026,1:17 AM,42.3858318,-72.58095566,0,0.01,0,0.36,2.96,0.05,0.06,0.01,0.01,0.08,0.38,0.14,0.47,0.07,0.28,0.38,0.37,2.67,1.56,0.1,0.01,0,0.02,0.01,2.78,0.1,5.57,0.66,0.02,0,0.56,0,7.37,1.55,0.09,5.14,0.04,0.02,0.04,0.03
S3,HD_M26,Horse Farm Down,3/28/2026,2:02 PM,42.38495,-72.54642,0,0.03,0,0.36,0.69,0.18,0.03,0.01,0.01,0.09,0.25,0.15,0.34,0.06,0.16,0.31,0.27,1.22,3.04,0.21,0.06,0.01,0.02,0.01,1.64,0.08,3.47,1.22,0.02,0.01,0.79,0.01,3.71,2.13,0.34,3.47,0.22,0.02,0.03,0.05
S3,HU_M26,Horse Farm UP,3/28/2026,1:44 PM,42.37363,-72.53948,0,0.52,0,0.23,0.09,0.65,0.02,0,0,0.14,0.33,0.16,0.36,0.08,0.22,0.29,0.32,1.33,3.19,0.2,0.08,0.01,0.03,0.02,1.05,0.15,2,1.1,0.02,0.01,0.8,0.01,2.71,1.97,0.13,1.51,0.26,0.04,0.07,0.11
S3,TU_M26,Tan Brook Up,3/28/2026,9:29 AM,42.3824138,-72.5236866,0,0.11,0,0.1,0.11,0.06,0.02,0,0.01,0.09,0.42,0.23,0.57,0.08,0.3,0.27,0.5,3.52,5.38,0.16,0.02,0,0.03,0.01,2.44,0.15,4.55,1.73,0.02,0.01,1,0.02,7.27,4.46,0.12,4.21,0.69,0.01,0.02,0.03
S3,TD_M26,Tan Brook Down,3/28/2026,2:40 PM,42.3912877,-72.5365589,0,0.25,0,0.39,0.1,0.2,0,0,0.01,0.24,0.46,0.24,0.53,0.05,0.28,0.37,0.41,7.38,5.2,0.46,0.04,0,0.15,0,3.44,0.23,7.11,2.71,0.02,0.02,1.51,0.03,9.43,6.85,0.08,6.32,0.72,0.03,0.01,0.04
S3,CU_M26,Campus Pond UP,3/28/2026,9:51 AM,42.3885239,-72.5264238,0,0.11,0,0.71,0.07,0.4,0,0.01,0.01,0.11,0.26,0.27,0.55,0.07,0.31,0.43,0.38,5.16,6.31,0.43,0.05,0,0.14,0.01,3.14,0.11,6.62,2.78,0.01,0.03,1.67,0.01,10.16,7.4,0.21,6.19,0.45,0.02,0.06,0.06
S3,CD_M26,Campus Pond Down,3/28/2026,10:03 AM,42.3902239,-72.5266666,0,0.18,0,1.01,0.14,0,0.02,0.01,0.01,0.1,0.51,0.47,1.24,0,0.71,0.62,0.87,5.95,5.55,0.41,0.22,0.01,0.14,0.02,3.44,0.16,6.49,2.59,0.01,0.05,1.48,0,9.54,5.82,0.76,5.91,0.61,0.04,0.23,0.09
S3,WC_M26,Wet Center,3/28/2026,2:22 PM,42.38820223,-72.53929542,0,0.09,0,0.03,3.58,0.32,0.06,0,0.01,0.11,0.37,0.13,0.5,0.07,0.31,0.33,0.37,1.25,0.95,0.09,0.03,0,0,0,0.98,0.06,1.78,0.54,0.01,0.01,0.42,0.01,2.26,1.23,0.12,1.78,0.07,0.04,0.02,0.05
S3,S3_14,UMass Farm,3/28/2026,9:39 AM,42.40006065,-72.52586341,0.01,0.05,0,0.31,0.16,0.28,0.03,0,0.01,0.13,0.2,0.19,0.42,0.13,0.21,0.34,0.39,0.68,3.18,0.11,0.05,0,0.01,0.01,0.7,0.1,1.24,1.04,0.03,0.01,0.48,0,2.28,1.64,0.18,1.24,0.15,0.04,0.08,0.06
S3,S3_15,Brandywine Pond,3/28/2026,9:51 AM,42.40714059,-72.53430926,0.01,0.04,0,0.06,0.07,0.3,0.01,0.01,0,0.05,0.16,0.15,0.24,0.06,0.14,0.43,0.29,0.33,2.14,0.06,0.03,0,0.01,0.01,0.53,0.06,0.88,0.83,0,0,0.42,0,1.82,1.63,0.15,1.03,0.16,0.02,0.04,0.01
S3,S3_16,MR Julius Bridge,3/28/2026,10:08 AM,42.41187575,-72.52499941,0.01,0.08,0,0.79,0.06,0.5,0.01,0,0.01,0.1,0.41,0.16,0.58,0.04,0.32,0.37,0.48,2.02,0.46,0.08,0.02,0,0.02,0,0.35,0.03,0.27,0.53,0,0.01,0.51,0.02,1.04,0.86,0.08,0.27,0.07,0.02,0.04,0.03
S3,S3_17,Puffers Waterfall,3/28/2026,10:32 AM,42.41571,-72.51936,0.01,0.13,0,0.48,0.09,0.74,0.02,0,0,0.07,0.3,0.12,0.38,0.09,0.26,0.29,0.38,0.45,0.4,0.13,0.05,0.02,0.02,0,0.28,0.07,0.27,0.43,0,0.01,0.46,0.02,1.07,0.87,0.06,0.38,0.06,0.01,0.07,0.01
S3,S3_18,Puffers Pond Beach,3/28/2026,10:42 AM,42.41607,-72.51742,0,0.03,0,0.13,0.06,0.45,0.02,0.01,0,0.05,0.29,0.12,0.39,0.04,0.23,0.32,0.37,0.74,0.34,0.12,0.01,0,0,0.01,0.47,0.03,0.32,0.41,0,0.01,0.36,0.01,1.04,0.88,0.07,0.34,0.05,0.03,0.02,0.02
S3,S3_19,Puffers Railroad,3/28/2026,10:56 AM,42.41676691,-72.50990743,0,0.06,0,0.12,0.05,0.66,0.01,0.01,0.01,0.03,0.39,0.12,0.42,0.09,0.29,0.37,0.47,0.38,0.3,0.1,0.04,0.01,0,0,0.28,0.03,0.29,0.36,0.01,0,0.37,0.01,1.22,0.73,0.08,0.28,0.03,0.02,0.02,0.04
S3,S3_20,Haskins Meadows,3/28/2026,12:05 PM,42.42912158,-72.49457164,0,0,0,0.23,0.06,0.29,0.03,0.01,0,0.04,0.17,0.08,0.23,0.05,0.12,0.4,0.19,0.47,0.31,0.04,0.01,0.01,0.03,0.02,0.3,0,0.31,0.5,0.01,0.02,0.41,0.03,1.18,0.69,0.07,0.29,0.02,0.03,0.02,0.03
S3,S3_21,Haskins Meadows Up,3/28/2026,12:15 PM,42.43065505,-72.49136483,0,0.01,0,0.15,0.05,0.48,0.01,0.01,0,0.05,0.26,0.12,0.37,0.07,0.21,0.38,0.31,0.53,0.37,0.03,0.01,0.01,0.02,0.01,0.37,0.05,0.34,0.41,0.01,0.01,0.43,0.02,1.02,0.82,0.12,0.32,0.05,0.03,0.06,0.03
S3,S3_22,Atkins Reservoir,3/28/2026,12:33 PM,42.42021609,-72.48280264,0,0.1,0,0.46,0.05,0.09,0,0.01,0,0.07,0.36,0.13,0.41,0.07,0.28,0.4,0.42,0.37,0.13,0.05,0.01,0,0,0,0.27,0.03,0.26,0.35,0,0.01,0.41,0.02,0.89,1.09,0.11,0.35,0.04,0.01,0.02,0.03
S3,S3_23,Dean Brook,3/28/2026,12:44 PM,42.41729444,-72.4718493,0,0.07,0,0.56,0.04,0.07,0.04,0,0,0.06,0.3,0.13,0.39,0.05,0.23,0.28,0.31,0.19,0.11,0.09,0.02,0.01,0.01,0.01,0.15,0.01,0.11,0.34,0.01,0,0.39,0,0.82,0.9,0.08,0.13,0.05,0.04,0.03,0.03
S3,S3_24,Nurse Brook,3/28/2026,12:56 PM,42.42366889,-72.46621738,0,0,0,0.33,0.07,0.11,0.03,0,0,0.08,0.31,0.26,0.45,0.06,0.3,0.48,0.39,0.1,0.02,0.05,0.03,0,0,0.01,0.13,0.04,0.06,0.32,0.01,0.01,0.42,0.01,0.6,0.71,0.09,0.03,0.03,0.02,0.03,0.04
S3,S3_25,Shutesbury Cemetery,3/28/2026,1:17 PM,42.45460375,-72.4273258,0,0.08,0,0.49,0.14,0.42,0.01,0.01,0,0.08,0.41,0.14,0.5,0.05,0.34,0.53,0.41,0.22,0.21,0.04,0.02,0,0.02,0.01,0.12,0.03,0.26,0.33,0,0.01,0.49,0.02,0.83,0.97,0.08,0.14,0.01,0.01,0.06,0.06
S3,S3_26,Broad Hill,3/28/2026,1:30 PM,42.44927212,-72.46633812,0.01,0,0,0.42,0.06,0.11,0.06,0,0.01,0.05,0.35,0.14,0.33,0.07,0.23,0.44,0.3,0.14,0.11,0.04,0.02,0,0.01,0,0.17,0.01,0.23,0.3,0,0.01,0.36,0,0.62,0.68,0.07,0.17,0.03,0.03,0.01,0.03
S3,S3_27,Number 6 Rd,3/28/2026,1:41 PM,42.44883338,-72.46818919,0,0.07,0,0.32,0.13,1.17,0.06,0,0.62,0.05,0.28,0.19,0.34,0.07,0.19,0.4,0.27,0.04,0.27,0.1,0.01,0,0.01,0.01,0.59,0.01,1.01,0.33,0,0.03,0.45,0.01,1.84,0.72,0.08,0.93,0.02,0.03,0.01,0.02
S3,S3_28,Leverett Library,3/28/2026,2:00 PM,42.46221151,-72.49598796,0,0.09,0,0.41,0.09,0.04,0,0,0,0.09,0.29,0.21,0.39,0.07,0.22,0.31,0.27,0.34,0.58,0.02,0.03,0,0,0,0.2,0.03,0.54,0.45,0,0,0.27,0.01,0.83,0.91,0.25,0.38,0.03,0.01,0.08,0.03
S3,S3_29,Leverett Pond,3/28/2026,2:25 PM,42.46254473,-72.50497745,0,0.03,0,0.12,0.08,0.1,0.03,0,0,0.05,0.24,0.06,0.17,0.07,0.09,0.17,0.13,0.79,0.35,0.08,0.01,0.01,0.02,0,0.41,0.06,0.34,0.3,0.01,0.01,0.27,0.01,1.27,0.82,0.99,0.34,0.04,0.04,0.01,0.05
S3,S3_30,MR Montague Bridge,3/28/2026,2:42 PM,42.41184556,-72.52983005,0,0,0,0.43,0.13,0.21,0.01,0,0,0.09,0.22,0.05,0.26,0.08,0.15,0.33,0.22,0.75,0.31,0.03,0.02,0,0,0.01,0.39,0.01,0.3,0.44,0.01,0.01,0.4,0.01,1.1,0.91,0.34,0.42,0.03,0.02,0.04,0.03
S3,S3_31,Lake Warner Trail,3/28/2026,3:17 PM,42.39478204,-72.56685319,0.01,0,0,0.29,0.85,0.28,0.03,0,0,0.08,0.35,0.36,0.93,0.1,0.57,0.6,0.83,3.03,2.03,0.16,0.05,0.03,0.05,0.01,3.64,0.05,6.58,1.1,0.01,0.02,0.86,0.03,8.3,2.18,3.62,5.92,0.07,0.09,0.27,0.09
S3,S3_32,Campus Plaza Road,3/28/2026,3:38 PM,42.36442722,-72.54042208,0,0.57,0,0.53,0.11,0.51,0.03,0,0.01,0.2,0.25,0.2,0.33,0.07,0.2,0.39,0.26,3.06,3.05,0.16,0.01,0.12,0.01,0,0.79,0.23,2.13,1.43,0.03,0.02,0.81,0.03,2.55,2.54,1.38,1.73,0.65,0.03,0.02,0.04
S4,R_Jy26,Roaring,7/20/2026,11:56 PM,42.43856274,-72.48246791,0,0.05,0,0.11,0.03,0.2,0.01,0.01,0.01,0.01,0.27,0.1,0.22,0.07,0.23,0.23,0.22,0.14,0.32,0.06,0.02,0,0.02,0,0.27,0.02,0.26,0.39,0,0.01,0.31,0.01,0.98,0.89,0.25,0.26,0.02,0.02,0.01,0.01
S4,D_Jy26,Doolittle,7/20/2026,12:16 PM,42.45111406,-72.49303401,0,0,0,0.28,0.07,0.09,0,0.01,0,0.19,0.37,0.09,0.34,0.03,0.32,0.24,0.3,11.7,0.83,0.2,0.02,0.02,0.01,0.01,0.84,0.05,1.46,0.46,0.01,0.01,0.74,0.02,2.67,1.95,0.28,1.63,0.09,0.04,0.02,0.09
S4,EU_Jy26,Eastman Up,7/20/2026,11:46 PM,42.41935248,-72.5255505,0.01,0.18,0,0.24,0.07,0.09,0.07,0.01,0.01,0.08,0.33,0.13,0.38,0.05,0.36,0.37,0.4,0.72,0.81,0.14,0.05,0.01,0.01,0.01,0.36,0.04,0.44,0.43,0.01,0.01,0.51,0.01,1.66,1.28,1.75,0.39,0.12,0.03,0.05,0.08
S4,ED_Jy26,Eastman Down,7/20/2026,1:10 PM,42.40819679,-72.53988502,0,0,0,0.23,0.1,0.08,0.04,0,0,0.11,0.21,0.09,0.2,0.06,0.19,0.18,0.19,1.94,1,0.02,0.02,0,0,0,0.69,0.03,2.06,0.51,0.01,0.01,0.38,0.01,2.19,1.18,0.38,1.69,0.04,0.02,0.01,0.1
S4,MS_Jy26,Mill Site,7/20/2026,2:19 PM,42.3864,-72.55032,0,0.12,0,0.28,3.72,0.26,0.16,0.01,0.01,0.07,0.24,0.12,0.29,0.06,0.27,0.22,0.25,8.59,1.99,0.22,0.06,0,0.02,0.01,2.17,0.09,5.23,0.89,0.01,0.02,0.64,0.01,5.11,2.35,0.35,5.09,0.13,0.03,0.02,0.05
S4,K_Jy26,Knightly,7/20/2026,1:31 PM,42.39519696,-72.56118766,0,0.23,0,0.5,0.08,0.03,0.04,0,0.01,0.2,0.19,0.11,0.27,0.04,0.18,0.35,0.18,3.12,16.54,0.15,0.04,0,0.01,0.01,99.48,0.03,142.73,1.92,0.03,0.02,1.45,0,270.77,1.49,0.37,126.85,0.47,0.03,0.02,0.04
S4,LW_Jy26,Lake Warner Outlet,7/20/2026,1:56 PM,42.3858318,-72.58095566,0.01,0.31,0,1.02,0.89,0.01,0.07,0,0.01,0.04,0.34,0.19,0.35,0.07,0.33,0.37,0.44,10.01,3.16,0.35,0.06,0,0,0,5.74,0.08,10.94,1.08,0.03,0.01,0.93,0.01,13.02,2.46,2.03,10.17,0.22,0.03,0.02,0.07
S4,S4_14,Wet Center,7/20/2026,10:01 AM,42.38820223,-72.53929542,0.03,0.1,0,0.99,4.23,0.16,0.05,0.01,0.01,0.12,0.24,0.16,0.56,0.07,0.27,0.34,0.55,3.05,1.93,0.13,0.02,0.03,0.01,0.01,2.13,0.11,4.98,1.04,0.01,0.01,0.59,0.02,4.66,2.05,0.21,4.51,0.24,0.01,0.07,0.01
S4,S4_15,UMass Farm,7/20/2026,8:45 AM,42.40006065,-72.52586341,0.02,0.25,0,0.15,0.08,0.24,0.03,0,0.01,0.08,0.11,0.14,0.35,0.07,0.17,0.27,0.31,1.5,7,0.22,0.11,0.01,0.06,0,1.03,0.07,1.78,1.7,0.01,0.01,0.79,0.03,3.46,4.66,0.53,1.45,0.21,0.02,0.06,0.33
S4,S4_16,Brandywine Pond,7/20/2026,9:07 AM,42.40714059,-72.53430926,0.01,1.97,0,1.47,0.07,1.13,0.05,0.03,0.01,0.29,0.16,0.24,0.39,0.08,0.23,0.49,0.25,35.34,3.25,0.55,0.1,0.02,0.02,0.03,1.97,0.24,3.75,2.26,0.02,0.09,1.18,0.03,5.31,5.61,0.81,3.81,0.38,0.08,0.08,0.1
S4,S4_17,MR Julius Bridge,7/20/2026,9:37 AM,42.41187575,-72.52499941,0.01,0.06,0,0.2,0.07,0.25,0,0,0.01,0.04,0.22,0.11,0.37,0.09,0.31,0.25,0.34,0.7,1.21,0.11,0.01,0,0,0,0.71,0.07,0.75,0.71,0.01,0.01,0.45,0.01,1.85,1.42,0.18,0.82,0.06,0.01,0.03,0.05
S4,S4_18,Puffers Waterfall,7/20/2026,9:56 AM,42.41571,-72.51936,0,0,0,0.31,0.06,0.11,0.04,0.01,0.01,0.04,0.26,0.17,0.41,0.08,0.34,0.34,0.38,0.98,0.99,0.07,0.01,0,0,0.01,0.66,0.06,0.59,0.69,0.01,0.01,0.46,0.02,1.62,1.35,0.4,0.56,0.07,0.02,0.01,0.02
S4,S4_19,Puffers Pond Beach,7/20/2026,10:07 AM,42.41607,-72.51742,0,0.08,0,0.07,0.05,0.29,0.03,0,0,0.06,0.25,0.09,0.21,0.08,0.2,0.15,0.21,0.64,0.34,0.06,0.02,0,0.01,0,0.37,0.01,0.47,0.36,0.01,0.01,0.27,0,1.03,0.88,0.36,0.36,0.07,0.01,0.01,0.03
S4,S4_20,Puffers Railroad,7/20/2026,10:21 AM,42.41676691,-72.50990743,0.01,0,0,0.1,0.06,0.09,0,0,0.01,0.06,0.19,0.11,0.3,0.08,0.22,0.39,0.24,0.13,0.69,0.03,0.04,0.01,0.01,0,0.51,0.03,0.47,0.48,0.01,0.01,0.33,0.03,1.52,1.1,0.12,0.61,0.04,0.02,0.02,0.02
S4,S4_21,Haskins Meadows,7/20/2026,10:36 AM,42.42912158,-72.49457164,0,0.12,0,0.33,0.08,0.05,0,0.01,0.01,0.11,0.22,0.12,0.3,0.11,0.28,0.34,0.28,0.8,0.56,0.07,0.01,0,0,0.01,0.52,0.03,0.53,0.5,0.01,0.01,0.43,0,1.6,1.09,0.19,0.41,0.11,0.03,0.05,0.02
S4,S4_23,Atkins Reservoir,7/20/2026,10:53 AM,42.41998532,-72.48228751,0,0.02,0,0.03,0.09,0.13,0.05,0.01,0,0.09,0.19,0.13,0.26,0.06,0.23,0.22,0.23,1.8,0.22,0.06,0.04,0,0.01,0.01,0.39,0.02,0.16,0.32,0.02,0.01,0.44,0.01,0.81,0.87,0.28,0.21,0.04,0.04,0.01,0.04
S4,S4_24,Dean Brook,7/20/2026,11:00 AM,42.41729444,-72.4718493,0.01,0.03,0,0.12,0.08,0.19,0.02,0,0,0.06,0.2,0.09,0.23,0.07,0.18,0.28,0.21,0.5,0.16,0.04,0.01,0,0.02,0.01,0.23,0.05,0.15,0.29,0.01,0.01,0.36,0.02,0.98,0.69,0.11,0.32,0.04,0.01,0.02,0.03
S4,S4_26,Shutesbury Cemetery,7/20/2026,11:41 AM,42.45460709,-72.4272845,0,0.08,0,0.1,0.05,0.51,0,0,0.01,0.15,0.27,0.15,0.43,0.05,0.37,0.37,0.39,0.56,0.72,0.27,0.03,0,0.03,0.01,0.77,0.06,1.01,0.76,0.01,0.01,0.72,0.01,3.07,2.94,0.84,0.94,0.19,0.04,0.06,0.04
S4,S4_27,Broad Hill,7/20/2026,12:01 PM,42.44938891,-72.46629085,0,0.05,0,0.23,0.04,0.29,0.04,0,0.01,0.05,0.12,0.15,0.31,0.04,0.21,0.41,0.2,0.41,0.18,0.08,0.05,0.03,0.02,0.01,0.26,0.06,0.35,0.52,0,0.01,0.39,0.02,0.97,0.87,0.07,0.3,0.02,0.02,0.04,0.01
S4,S4_30,Leverett Pond,7/20/2026,12:22 PM,42.46262232,-72.50511282,0,0,0,0.43,0.45,0.21,0.05,0,0,0.37,0.19,0.11,0.39,0.05,0.27,0.29,0.33,3.27,1.34,0.16,0.04,0,0,0,1.84,0.04,1.49,1.12,0.02,0.02,0.94,0.05,4.37,2.17,0.27,1.16,0.15,0.02,0.07,0.12
