Sample Name on LC/MS,Name,Date,Time,Latitude,Longitude,PFAS40,11Cl-PF3OUdS Results,3-3 FTCA Results,4:2FTS Results,5-3 FTCA Results,6:2FTS Results,7-3 FTCA Results,8:2FTS Results,9Cl-PF3ONS Results,ADONA Results,HFPO-DA Results,NEtFOSA Results,NEtFOSAA Results,NEtFOSE Results,NFDHA Results,NMeFOSA Results,NMeFOSAA Results,NMeFOSE Results,PFBA Results,PFBS Results,PFDA Results,PFDoA Results,PFDoS Results,PFDS Results,PFEESA Results,PFHpA Results,PFHpS Results,PFHxA Results,PFHxS Results,PFMBA Results,PFMPA Results,PFNA Results,PFNS Results,PFOA Results,PFOS Results,PFOSA Results,PFPeA Results,PFPeS Results,PFTeDA Results,PFTrDA Results,PFUnA Results
R_M26,Roaring,3/28/2026,10:37:00 AM,42.43856274,-72.48246791,5.99,0,0.04,0,0.11,0.05,0.15,0,0,0,0.04,0.4,0.16,0.45,0.08,0.3,0.41,0.44,0.19,0.16,0.03,0.03,0.03,0.01,0.01,0.1,0.01,0.22,0.35,0.01,0.01,0.44,0.02,0.63,0.73,0.02,0.24,0.03,0.01,0.07,0.01
D_M26,Doolittle,3/28/2026,10:56:00 AM,42.45106,-72.493,8.85,0,0.1,0,0.25,0.04,0.46,0.01,0.01,0,0.02,0.32,0.14,0.37,0.08,0.24,0.4,0.27,0.55,0.47,0.16,0.04,0.03,0.01,0,0.39,0.02,0.53,0.38,0,0.01,0.47,0.01,1.13,1.16,0.05,0.51,0.03,0.02,0.03,0.14
EU_M26,Eastman Up,3/28/2026,11:26:00 AM,42.41945045,-72.52550485,7.39,0,0.06,0,0.19,0.08,0,0.02,0,0.02,0.13,0.27,0.12,0.3,0.07,0.17,0.28,0.26,0.95,0.48,0.05,0.01,0,0.02,0,0.27,0.03,0.36,0.38,0.01,0.01,0.44,0.02,0.99,0.93,0.04,0.29,0.03,0.04,0.03,0.04
ED_M26,Eastman Down,3/28/2026,11:53:00 AM,42.40819679,-72.53988502,9.53,0,0.01,0,0.26,0.1,0.5,0.04,0.01,0.01,0.06,0.21,0.08,0.25,0.09,0.19,0.26,0.23,0.65,0.62,0.08,0.02,0,0.01,0.02,0.47,0.06,0.77,0.36,0,0.01,0.43,0.01,1.73,1.14,0.07,0.69,0.03,0.01,0.03,0.02
MS_M26,Mill Site,3/28/2026,12:45:00 PM,42.3864,-72.55032,17.44,0,0.01,0,0.26,2.86,0.17,0.07,0,0,0.07,0.33,0.06,0.32,0.12,0.16,0.35,0.23,1.26,1.14,0.09,0.03,0.01,0.01,0,0.81,0,2.08,0.6,0.01,0,0.51,0,2.53,1.28,0.05,1.89,0.06,0.04,0.01,0.02
K_M26,Knightly,3/28/2026,12:24:00 PM,42.39519696,-72.56118766,707.2,0,0.03,0,0.5,0.08,0.52,0.01,0.01,0.01,0.14,0.34,0.18,0.4,0.04,0.24,0.35,0.32,52.79,24.39,0.32,0.05,0.01,0.01,0.01,88.68,0.08,167.21,1.61,0.01,0.02,2.67,0.08,217.14,1.78,0.05,146.7,0.35,0.03,0.01,0.03
LW_M26,Lake Warner Outlet,3/28/2026,1:17:00 AM,42.38561951,-72.58144716,33.97,0,0.01,0,0.36,2.96,0.05,0.06,0.01,0.01,0.08,0.38,0.14,0.47,0.07,0.28,0.38,0.37,2.67,1.56,0.1,0.01,0,0.02,0.01,2.78,0.1,5.57,0.66,0.02,0,0.56,0,7.37,1.55,0.09,5.14,0.04,0.02,0.04,0.03
HD_M26,Horse Down,3/28/2026,2:02:00 PM,42.38495,-72.54642,24.72,0,0.03,0,0.36,0.69,0.18,0.03,0.01,0.01,0.09,0.25,0.15,0.34,0.06,0.16,0.31,0.27,1.22,3.04,0.21,0.06,0.01,0.02,0.01,1.64,0.08,3.47,1.22,0.02,0.01,0.79,0.01,3.71,2.13,0.34,3.47,0.22,0.02,0.03,0.05
HU_M26,Horse Up,3/28/2026,1:44:00 PM,42.37363,-72.53948,20.21,0,0.52,0,0.23,0.09,0.65,0.02,0,0,0.14,0.33,0.16,0.36,0.08,0.22,0.29,0.32,1.33,3.19,0.2,0.08,0.01,0.03,0.02,1.05,0.15,2,1.1,0.02,0.01,0.8,0.01,2.71,1.97,0.13,1.51,0.26,0.04,0.07,0.11
TU_M26,Tan Brook Up ,3/28/2026,9:29:00 AM,42.3824138,-72.5236866,38.72,0,0.11,0,0.1,0.11,0.06,0.02,0,0.01,0.09,0.42,0.23,0.57,0.08,0.3,0.27,0.5,3.52,5.38,0.16,0.02,0,0.03,0.01,2.44,0.15,4.55,1.73,0.02,0.01,1,0.02,7.27,4.46,0.12,4.21,0.69,0.01,0.02,0.03
TD_M26,Tan Brook Down,3/28/2026,2:40:00 PM,42.3912877,-72.5365589,55.31,0,0.25,0,0.39,0.1,0.2,0,0,0.01,0.24,0.46,0.24,0.53,0.05,0.28,0.37,0.41,7.38,5.2,0.46,0.04,0,0.15,0,3.44,0.23,7.11,2.71,0.02,0.02,1.51,0.03,9.43,6.85,0.08,6.32,0.72,0.03,0.01,0.04
CU_M26,Campus Pond UP,3/28/2026,9:51:00 AM,42.3885239,-72.5264238,54.71,0,0.11,0,0.71,0.07,0.4,0,0.01,0.01,0.11,0.26,0.27,0.55,0.07,0.31,0.43,0.38,5.16,6.31,0.43,0.05,0,0.14,0.01,3.14,0.11,6.62,2.78,0.01,0.03,1.67,0.01,10.16,7.4,0.21,6.19,0.45,0.02,0.06,0.06
CD_M26,Campus Pond Down,3/28/2026,10:03:00 AM,42.3902239,-72.5266666,55.41,0,0.18,0,1.01,0.14,0,0.02,0.01,0.01,0.1,0.51,0.47,1.24,0,0.71,0.62,0.87,5.95,5.55,0.41,0.22,0.01,0.14,0.02,3.44,0.16,6.49,2.59,0.01,0.05,1.48,0,9.54,5.82,0.76,5.91,0.61,0.04,0.23,0.09
WC_M26,Wet Center,3/28/2026,2:22:00 PM,42.38820223,-72.53929542,17.98,0,0.09,0,0.03,3.58,0.32,0.06,0,0.01,0.11,0.37,0.13,0.5,0.07,0.31,0.33,0.37,1.25,0.95,0.09,0.03,0,0,0,0.98,0.06,1.78,0.54,0.01,0.01,0.42,0.01,2.26,1.23,0.12,1.78,0.07,0.04,0.02,0.05
S3_14,UMass Farm,3/28/2026,9:39 AM,42.40006065,-72.52586341,16.17,0.01,0.05,0,0.31,0.16,0.28,0.03,0,0.01,0.13,0.2,0.19,0.42,0.13,0.21,0.34,0.39,0.68,3.18,0.11,0.05,0,0.01,0.01,0.7,0.1,1.24,1.04,0.03,0.01,0.48,0,2.28,1.64,0.18,1.24,0.15,0.04,0.08,0.06
S3_15,Brandywine Pond,3/28/2026,9:51 AM,42.40714059,-72.53430926,12.18,0.01,0.04,0,0.06,0.07,0.3,0.01,0.01,0,0.05,0.16,0.15,0.24,0.06,0.14,0.43,0.29,0.33,2.14,0.06,0.03,0,0.01,0.01,0.53,0.06,0.88,0.83,0,0,0.42,0,1.82,1.63,0.15,1.03,0.16,0.02,0.04,0.01
S3_16,MR Julius Bridge,3/28/2026,10:08 AM,42.41187575,-72.52499941,10.65,0.01,0.08,0,0.79,0.06,0.5,0.01,0,0.01,0.1,0.41,0.16,0.58,0.04,0.32,0.37,0.48,2.02,0.46,0.08,0.02,0,0.02,0,0.35,0.03,0.27,0.53,0,0.01,0.51,0.02,1.04,0.86,0.08,0.27,0.07,0.02,0.04,0.03
S3_17,Puffers Waterfall,3/28/2026,10:32 AM,42.41564544,-72.51967145,8.5,0.01,0.13,0,0.48,0.09,0.74,0.02,0,0,0.07,0.3,0.12,0.38,0.09,0.26,0.29,0.38,0.45,0.4,0.13,0.05,0.02,0.02,0,0.28,0.07,0.27,0.43,0,0.01,0.46,0.02,1.07,0.87,0.06,0.38,0.06,0.01,0.07,0.01
S3_18,Puffers Pond Beach,3/28/2026,10:42 AM,42.41638062,-72.51732855,7.79,0,0.03,0,0.13,0.06,0.45,0.02,0.01,0,0.05,0.29,0.12,0.39,0.04,0.23,0.32,0.37,0.74,0.34,0.12,0.01,0,0,0.01,0.47,0.03,0.32,0.41,0,0.01,0.36,0.01,1.04,0.88,0.07,0.34,0.05,0.03,0.02,0.02
S3_19,Puffers Railroad,3/28/2026,10:56 AM,42.41677516,-72.50992635,7.7,0,0.06,0,0.12,0.05,0.66,0.01,0.01,0.01,0.03,0.39,0.12,0.42,0.09,0.29,0.37,0.47,0.38,0.3,0.1,0.04,0.01,0,0,0.28,0.03,0.29,0.36,0.01,0,0.37,0.01,1.22,0.73,0.08,0.28,0.03,0.02,0.02,0.04
S3_20,Haskins Meadows,3/28/2026,12:05 PM,42.42911639,-72.49447176,6.7,0,0,0,0.23,0.06,0.29,0.03,0.01,0,0.04,0.17,0.08,0.23,0.05,0.12,0.4,0.19,0.47,0.31,0.04,0.01,0.01,0.03,0.02,0.3,0,0.31,0.5,0.01,0.02,0.41,0.03,1.18,0.69,0.07,0.29,0.02,0.03,0.02,0.03
S3_21,Haskins Meadows Up,3/28/2026,12:15 PM,42.43065505,-72.49136483,7.55,0,0.01,0,0.15,0.05,0.48,0.01,0.01,0,0.05,0.26,0.12,0.37,0.07,0.21,0.38,0.31,0.53,0.37,0.03,0.01,0.01,0.02,0.01,0.37,0.05,0.34,0.41,0.01,0.01,0.43,0.02,1.02,0.82,0.12,0.32,0.05,0.03,0.06,0.03
S3_22,Atkins Reservoir,3/28/2026,12:33 PM,42.42021609,-72.48280264,7.3,0,0.1,0,0.46,0.05,0.09,0,0.01,0,0.07,0.36,0.13,0.41,0.07,0.28,0.4,0.42,0.37,0.13,0.05,0.01,0,0,0,0.27,0.03,0.26,0.35,0,0.01,0.41,0.02,0.89,1.09,0.11,0.35,0.04,0.01,0.02,0.03
S3_23,Dean Brook,3/28/2026,12:44 PM,42.41729444,-72.4718493,6.06,0,0.07,0,0.56,0.04,0.07,0.04,0,0,0.06,0.3,0.13,0.39,0.05,0.23,0.28,0.31,0.19,0.11,0.09,0.02,0.01,0.01,0.01,0.15,0.01,0.11,0.34,0.01,0,0.39,0,0.82,0.9,0.08,0.13,0.05,0.04,0.03,0.03
S3_24,Nurse Brook,3/28/2026,12:56 PM,42.42366889,-72.46621738,5.63,0,0,0,0.33,0.07,0.11,0.03,0,0,0.08,0.31,0.26,0.45,0.06,0.3,0.48,0.39,0.1,0.02,0.05,0.03,0,0,0.01,0.13,0.04,0.06,0.32,0.01,0.01,0.42,0.01,0.6,0.71,0.09,0.03,0.03,0.02,0.03,0.04
S3_25,Shutesbury Cemetery,3/28/2026,1:17 PM,42.45460375,-72.4273258,7.55,0,0.08,0,0.49,0.14,0.42,0.01,0.01,0,0.08,0.41,0.14,0.5,0.05,0.34,0.53,0.41,0.22,0.21,0.04,0.02,0,0.02,0.01,0.12,0.03,0.26,0.33,0,0.01,0.49,0.02,0.83,0.97,0.08,0.14,0.01,0.01,0.06,0.06
S3_26,Broad Hill,3/28/2026,1:30 PM,42.44927212,-72.46633812,5.62,0.01,0,0,0.42,0.06,0.11,0.06,0,0.01,0.05,0.35,0.14,0.33,0.07,0.23,0.44,0.3,0.14,0.11,0.04,0.02,0,0.01,0,0.17,0.01,0.23,0.3,0,0.01,0.36,0,0.62,0.68,0.07,0.17,0.03,0.03,0.01,0.03
S3_27,Number 6 Rd,3/28/2026,1:41 PM,42.44883338,-72.46818919,10.68,0,0.07,0,0.32,0.13,1.17,0.06,0,0.62,0.05,0.28,0.19,0.34,0.07,0.19,0.4,0.27,0.04,0.27,0.1,0.01,0,0.01,0.01,0.59,0.01,1.01,0.33,0,0.03,0.45,0.01,1.84,0.72,0.08,0.93,0.02,0.03,0.01,0.02
S3_28,Leverett Library,3/28/2026,2:00 PM,42.46221151,-72.49598796,7.47,0,0.09,0,0.41,0.09,0.04,0,0,0,0.09,0.29,0.21,0.39,0.07,0.22,0.31,0.27,0.34,0.58,0.02,0.03,0,0,0,0.2,0.03,0.54,0.45,0,0,0.27,0.01,0.83,0.91,0.25,0.38,0.03,0.01,0.08,0.03
S3_29,Leverett Pond,3/28/2026,2:25 PM,42.46254473,-72.50497745,7.57,0,0.03,0,0.12,0.08,0.1,0.03,0,0,0.05,0.24,0.06,0.17,0.07,0.09,0.17,0.13,0.79,0.35,0.08,0.01,0.01,0.02,0,0.41,0.06,0.34,0.3,0.01,0.01,0.27,0.01,1.27,0.82,0.99,0.34,0.04,0.04,0.01,0.05
S3_30,MR Montague Bridge,3/28/2026,2:42 PM,42.41184556,-72.52983005,7.76,0,0,0,0.43,0.13,0.21,0.01,0,0,0.09,0.22,0.05,0.26,0.08,0.15,0.33,0.22,0.75,0.31,0.03,0.02,0,0,0.01,0.39,0.01,0.3,0.44,0.01,0.01,0.4,0.01,1.1,0.91,0.34,0.42,0.03,0.02,0.04,0.03
S3_31,Lake Warner Trail,3/28/2026,3:17 PM,42.39478204,-72.56685319,43.47,0.01,0,0,0.29,0.85,0.28,0.03,0,0,0.08,0.35,0.36,0.93,0.1,0.57,0.6,0.83,3.03,2.03,0.16,0.05,0.03,0.05,0.01,3.64,0.05,6.58,1.1,0.01,0.02,0.86,0.03,8.3,2.18,3.62,5.92,0.07,0.09,0.27,0.09
S3_32,Prindle School,3/28/2026,3:38 PM,42.36442722,-72.54042208,24.48,0,0.57,0,0.53,0.11,0.51,0.03,0,0.01,0.2,0.25,0.2,0.33,0.07,0.2,0.39,0.26,3.06,3.05,0.16,0.01,0.12,0.01,0,0.79,0.23,2.13,1.43,0.03,0.02,0.81,0.03,2.55,2.54,1.38,1.73,0.65,0.03,0.02,0.04
